cash,buying_power,portfolio_value,realised_pnl,unrealised_pnl
4336.958676772117,4336.958676772117,9839.100035204885,-163.0413232278832,2.1413584327683566
