cash,buying_power,portfolio_value,realised_pnl,unrealised_pnl
2470.330288632271,2470.330288632271,9819.578773704898,-229.66971136772912,49.24848507262675
