cash,buying_power,portfolio_value,realised_pnl,unrealised_pnl
7865.891391499391,7865.891391499391,9862.395044733512,-134.10860850060945,-3.4963467658792524
