cash,buying_power,portfolio_value,realised_pnl,unrealised_pnl
2470.330288632271,2470.330288632271,9806.945854537884,-229.66971136772912,36.615565905612016
