cash,buying_power,portfolio_value,realised_pnl,unrealised_pnl
3836.9586767721166,3836.9586767721166,9840.313148130637,-163.0413232278832,3.354471358521039
