cash,buying_power,portfolio_value,realised_pnl,unrealised_pnl
4470.330288632271,4470.330288632271,9791.518569687754,-229.66971136772912,21.188281055483685
