cash,buying_power,portfolio_value,realised_pnl,unrealised_pnl
4470.330288632271,4470.330288632271,9793.417490902879,-229.66971136772912,23.08720227060769
