cash,buying_power,portfolio_value,realised_pnl,unrealised_pnl
4470.330288632271,4470.330288632271,9797.30930867408,-229.66971136772912,26.979020041808553
