cash,buying_power,portfolio_value,realised_pnl,unrealised_pnl
4443.118391945093,4443.118391945093,9894.033172002588,-56.88160805490667,-49.08521994250509
