cash,buying_power,portfolio_value,realised_pnl,unrealised_pnl
2695.416896608235,2695.416896608235,9978.788752670622,-4.583103391764718,-16.628143937612663
