cash,buying_power,portfolio_value,realised_pnl,unrealised_pnl
4498.995478153505,4498.995478153505,10001.55250963306,-1.004521846494716,2.5570314795539844
