cash,buying_power,portfolio_value,realised_pnl,unrealised_pnl
6868.57983909396,6868.57983909396,9872.185256549525,-131.42016090603988,3.6054174555638383
