cash,buying_power,portfolio_value,realised_pnl,unrealised_pnl
4443.118391945093,4443.118391945093,9883.781512622892,-56.88160805490667,-59.336879322202094
