cash,buying_power,portfolio_value,realised_pnl,unrealised_pnl
4470.330288632271,4470.330288632271,9801.476272761098,-229.66971136772912,31.145984128826058
