cash,buying_power,portfolio_value,realised_pnl,unrealised_pnl
5402.584866642691,5402.584866642691,9854.908763705633,-97.41513335730866,-47.676102937058886
