cash,buying_power,portfolio_value,realised_pnl,unrealised_pnl
7879.664441392833,7879.664441392833,9879.664441392833,-120.33555860716683,0.0
