cash,buying_power,portfolio_value,realised_pnl,unrealised_pnl
9754.44718939768,9754.44718939768,9754.44718939768,-245.55281060231857,0.0
