cash,buying_power,portfolio_value,realised_pnl,unrealised_pnl
4470.330288632271,4470.330288632271,9779.82388624683,-229.66971136772912,9.49359761455878
