cash,buying_power,portfolio_value,realised_pnl,unrealised_pnl
5254.4471893976815,5254.4471893976815,9773.969760410233,-245.55281060231857,19.52257101255077
