cash,buying_power,portfolio_value,realised_pnl,unrealised_pnl
7254.4471893976815,7254.4471893976815,9761.077523046255,-245.55281060231857,6.630333648573469
