cash,buying_power,portfolio_value,realised_pnl,unrealised_pnl
8970.33028863227,8970.33028863227,9770.33028863227,-229.66971136772912,0.0
