cash,buying_power,portfolio_value,realised_pnl,unrealised_pnl
2695.416896608235,2695.416896608235,9977.225531567288,-4.583103391764718,-18.19136504094695
