cash,buying_power,portfolio_value,realised_pnl,unrealised_pnl
9836.958676772118,9836.958676772118,9836.958676772118,-163.04132322788317,0.0
