cash,buying_power,portfolio_value,realised_pnl,unrealised_pnl
4470.330288632271,4470.330288632271,9756.640463827931,-229.66971136772912,-13.689824804340446
