cash,buying_power,portfolio_value,realised_pnl,unrealised_pnl
7254.4471893976815,7254.4471893976815,9754.44718939768,-245.55281060231857,0.0
