cash,buying_power,portfolio_value,realised_pnl,unrealised_pnl
4443.118391945093,4443.118391945093,9886.29951723863,-56.88160805490667,-56.81887470646234
