cash,buying_power,portfolio_value,realised_pnl,unrealised_pnl
4365.891391499391,4365.891391499391,9879.607828811688,-134.10860850060945,13.716437312295398
