cash,buying_power,portfolio_value,realised_pnl,unrealised_pnl
7289.684083650969,7289.684083650969,9779.694199638387,-210.31591634903089,-9.989884012582934
