Date,daily_return,equity,peak,drawdown,trading_cost
2023-07-03,0.0,10000.0,10000.0,0.0,0.0
2023-07-04,0.0,10000.0,10000.0,0.0,0.0
2023-07-05,0.0,10000.0,10000.0,0.0,0.0
2023-07-06,0.0,10000.0,10000.0,0.0,0.0
2023-07-07,0.0,10000.0,10000.0,0.0,0.0
2023-07-08,0.0,10000.0,10000.0,0.0,0.0
2023-07-09,0.0,10000.0,10000.0,0.0,0.0
2023-07-10,0.0,10000.0,10000.0,0.0,0.0
2023-07-11,0.0,10000.0,10000.0,0.0,0.0
2023-07-12,0.0,10000.0,10000.0,0.0,0.0
2023-07-13,0.0,10000.0,10000.0,0.0,0.0
2023-07-14,0.0,10000.0,10000.0,0.0,0.0
2023-07-15,0.0,10000.0,10000.0,0.0,0.0
2023-07-16,-0.00027,9997.3,10000.0,-0.0002700000000001035,0.00027
2023-07-17,0.004732424697737897,10044.611469430696,10044.611469430696,0.0,0.00015000000000000001
2023-07-18,0.006509833403786978,10110.000216702458,10110.000216702458,0.0,0.000375
2023-07-19,6.293608279870125e-05,10110.63650051319,10110.63650051319,0.0,0.0008250000000000001
2023-07-20,-0.016537736843678208,9943.429454745616,10110.63650051319,-0.016537736843678208,0.0013199999999999998
2023-07-21,-0.002885343024345413,9914.739249930295,10110.63650051319,-0.019375362824383235,0.000225
2023-07-22,-0.0006000000000000001,9908.790406380336,10110.63650051319,-0.01996373760668868,0.0006000000000000001
2023-07-23,-0.000375,9905.074609977944,10110.63650051319,-0.020331251205086054,0.000375
2023-07-24,0.0024605854604733465,9929.44689254816,10110.63650051319,-0.01792069252572115,0.0004500000000000001
2023-07-25,-0.0005805671296610024,9923.682182066632,10110.63650051319,-0.018490855490361002,0.00030000000000000003
2023-07-26,-0.007168578352869592,9852.54348879551,10110.63650051319,-0.025526880696836396,0.00015000000000000001
2023-07-27,0.0049323001148097855,9901.139190176465,10110.63650051319,-0.020720486818618267,0.0
2023-07-28,0.003560719781853134,9936.394372353809,10110.63650051319,-0.01723354688406986,0.00015000000000000001
2023-07-29,0.0,9936.394372353809,10110.63650051319,-0.01723354688406986,0.0
2023-07-30,0.0,9936.394372353809,10110.63650051319,-0.01723354688406986,0.0
2023-07-31,0.0005525060764613621,9941.884290622651,10110.63650051319,-0.01669056244698086,0.0
2023-08-01,0.00015352935543806772,9943.41066170963,10110.63650051319,-0.01653959558283724,0.00037499999999999995
2023-08-02,-0.01127511651731501,9831.297547919341,10110.63650051319,-0.027628226232806474,0.00015000000000000001
2023-08-03,-0.002061128177707075,9811.033983519901,10110.63650051319,-0.02963240909492515,7.500000000000002e-05
2023-08-04,-0.0007219154560332033,9803.95124644753,10110.63650051319,-0.030332932456833328,0.000375
2023-08-05,0.0,9803.95124644753,10110.63650051319,-0.030332932456833328,0.0
2023-08-06,0.0,9803.95124644753,10110.63650051319,-0.030332932456833328,0.0
2023-08-07,-0.003395730768973506,9770.659667542453,10110.63650051319,-0.03362566075374984,0.0008250000000000001
2023-08-08,0.0022339007345238554,9792.486351350557,10110.63650051319,-0.0314668764074828,7.500000000000002e-05
2023-08-09,-0.0008219630807836021,9784.43728910067,10110.63650051319,-0.03226297487759189,0.000375
2023-08-10,0.001623148690306062,9800.318885671855,10110.63650051319,-0.030692193792703715,0.00022499999999999997
2023-08-11,-0.0029251720978608754,9771.651266317349,10110.63650051319,-0.033527585941660054,0.000375
2023-08-12,0.0,9771.651266317349,10110.63650051319,-0.033527585941660054,0.0
2023-08-13,0.0,9771.651266317349,10110.63650051319,-0.033527585941660054,0.0
2023-08-14,-0.00015000000000000001,9770.1855186274,10110.63650051319,-0.033672556803768905,0.00015000000000000001
2023-08-15,-0.0010745000604077736,9759.687453697441,10110.63650051319,-0.03471087569985687,0.00015000000000000001
2023-08-16,0.0,9759.687453697441,10110.63650051319,-0.03471087569985687,0.0
2023-08-17,0.0,9759.687453697441,10110.63650051319,-0.03471087569985687,0.0
2023-08-18,0.0,9759.687453697441,10110.63650051319,-0.03471087569985687,0.0
2023-08-19,0.0,9759.687453697441,10110.63650051319,-0.03471087569985687,0.0
2023-08-20,0.0,9759.687453697441,10110.63650051319,-0.03471087569985687,0.0
2023-08-21,-0.00015000000000000001,9758.223500579386,10110.63650051319,-0.034855669068501904,0.00015000000000000001
2023-08-22,-0.002765771885321655,9731.234480370798,10110.63650051319,-0.03752503812426988,0.0
2023-08-23,0.003020722970500606,9760.629843896982,10110.63650051319,-0.03461766789840004,0.00015000000000000001
2023-08-24,-0.002275099860532972,9738.423436300418,10110.63650051319,-0.036814009107525525,0.000225
2023-08-25,-0.0022411056444286924,9716.598600569489,10110.63650051319,-0.03897261066834923,0.0004500000000000001
2023-08-26,0.0,9716.598600569489,10110.63650051319,-0.03897261066834923,0.0
2023-08-27,-4.618817093899969e-06,9716.553721377777,10110.63650051319,-0.03897704947808289,4.618817093899969e-06
2023-08-28,0.0017161196756875889,9733.22849039891,10110.63650051319,-0.03732781908390481,4.618817093899969e-06
2023-08-29,0.0085496913300522,9816.44458963669,10110.63650051319,-0.029097269085043953,0.000795
2023-08-30,0.001178578381282036,9828.01403901109,10110.63650051319,-0.027952984116059842,0.000225
2023-08-31,0.0023001341078736225,9850.61978931488,10110.63650051319,-0.02571714562036842,0.000795
2023-09-01,-0.00031278137327079474,9847.53869892961,10110.63650051319,-0.02602188314951548,0.00057
2023-09-02,-0.0002062640799105691,9845.507505420492,10110.63650051319,-0.02622277984964061,0.0007199999999999999
2023-09-03,0.0,9845.507505420492,10110.63650051319,-0.02622277984964061,0.0
2023-09-04,-0.0008881108846504026,9836.76360304002,10110.63650051319,-0.0270876019980808,0.00012
2023-09-05,0.004394153092457276,9879.987848246092,10110.63650051319,-0.022812475975710456,0.0
2023-09-06,-0.006449174089368138,9816.27008661191,10110.63650051319,-0.02911452843610174,0.0004500000000000001
2023-09-07,-0.0046619844230933166,9770.506788375249,10110.63650051319,-0.03364078138114024,0.00015000000000000001
2023-09-08,0.0012559256344854804,9782.777818312683,10110.63650051319,-0.03242710606635557,0.00030000000000000003
2023-09-09,-0.00012,9781.603884974485,10110.63650051319,-0.03254321481362754,0.00012
2023-09-10,0.0,9781.603884974485,10110.63650051319,-0.03254321481362754,0.0
2023-09-11,-0.0002869304150179183,9778.79724531223,10110.63650051319,-0.03282080759051298,0.00027
2023-09-12,-0.0005561312276264731,9773.358950795484,10110.63650051319,-0.03335868614212245,0.0
2023-09-13,0.0005741738345398741,9778.970557780596,10110.63650051319,-0.032803665992319986,0.00015000000000000001
2023-09-14,0.007556404413342593,9852.864414061356,10110.63650051319,-0.025495139345455664,0.00022499999999999997
2023-09-15,-0.0028275754746982405,9825.00469628863,10110.63650051319,-0.028250625389416584,0.00022499999999999997
2023-09-16,-0.00015000000000000001,9823.530945584187,10110.63650051319,-0.028396387795608158,0.00015000000000000001
2023-09-17,0.0,9823.530945584187,10110.63650051319,-0.028396387795608158,0.0
2023-09-18,-0.0035674803328518095,9788.485692136654,10110.63650051319,-0.03186256457347514,0.00022499999999999997
2023-09-19,-0.00011333023648832027,9787.3763607383,10110.63650051319,-0.031972283817985336,0.000375
2023-09-20,0.0007050195422426586,9794.276652339906,10110.63650051319,-0.03128980536064441,0.000495
2023-09-21,-0.009989669105785318,9696.435069452511,10110.63650051319,-0.04096689966449252,0.000375
2023-09-22,0.002277943151770249,9718.522997315556,10110.63650051319,-0.038782276781262115,0.00027
2023-09-23,-0.00012,9717.35677455588,10110.63650051319,-0.03889762290804821,0.00012
2023-09-24,0.0,9717.35677455588,10110.63650051319,-0.03889762290804821,0.0
2023-09-25,-0.0010162810760356688,9707.481208756812,10110.63650051319,-0.03987437306601971,0.0
2023-09-26,-0.002342137039654121,9684.744957456036,10110.63650051319,-0.042123118859582864,0.000375
2023-09-27,-0.0020253199868723254,9665.130249925938,10110.63650051319,-0.04406312605191964,0.00044999999999999993
2023-09-28,0.0033981568892785577,9697.973878870498,10110.63650051319,-0.040814702577997575,0.0
2023-09-29,-7.190193727060743e-05,9697.276575761009,10110.63650051319,-0.04088366985908365,0.00015
2023-09-30,0.00011700303625646891,9698.411186563791,10110.63650051319,-0.04077145033633389,0.0
2023-10-01,0.0018913011559661631,9716.753802851976,10110.63650051319,-0.038957260271519245,0.0
2023-10-02,-0.0019160503112302606,9698.136013703874,10110.63650051319,-0.04079866651208153,0.00030000000000000003
2023-10-03,-0.0032382811184244746,9666.730722966784,10110.63650051319,-0.04390483007908297,0.0
2023-10-04,0.001416685459104359,9680.425439819088,10110.63650051319,-0.04255034395433621,0.00012
2023-10-05,-0.0021083542791790868,9660.015673418771,10110.63650051319,-0.04456898703375867,0.00015000000000000001
2023-10-06,0.0020638234920548823,9679.952240699193,10110.63650051319,-0.042597146064160984,0.0004500000000000001
2023-10-07,-0.0005138701227548306,9674.978002453003,10110.63650051319,-0.043089126786238885,0.00022499999999999997
2023-10-08,0.0,9674.978002453003,10110.63650051319,-0.043089126786238885,0.0
2023-10-09,-5.270932030509827e-06,9674.927006301556,10110.63650051319,-0.04309417059841081,0.00030000000000000003
2023-10-10,-0.0016975257692782163,9658.503568392474,10110.63650051319,-0.04471854290259236,0.0011250000000000001
2023-10-11,-0.002926072182630492,9630.242089775164,10110.63650051319,-0.04751376540078789,0.00012
2023-10-12,0.0036756084421761133,9665.63908890054,10110.63650051319,-0.04401279895583854,0.000525
2023-10-13,-0.0012651938040058623,9653.410182213505,10110.63650051319,-0.0452223080393086,0.000375
2023-10-14,-0.000225,9651.238164922508,10110.63650051319,-0.04543713301999974,0.000225
2023-10-15,0.0,9651.238164922508,10110.63650051319,-0.04543713301999974,0.0
2023-10-16,0.0023469229609936696,9673.888877373782,10110.63650051319,-0.043196847509772485,0.00030000000000000003
2023-10-17,-0.004995567896318115,9625.562308665423,10110.63650051319,-0.04797662262144875,0.0004500000000000001
2023-10-18,-0.0014468049505189148,9611.635997465719,10110.63650051319,-0.04935401475684975,0.00015000000000000001
2023-10-19,-0.00038264425637399296,9607.958160156932,10110.63650051319,-0.049717773982947966,0.00015000000000000001
2023-10-20,-0.0042051978855107116,9567.554794817765,10110.63650051319,-0.0537138987904332,0.000675
2023-10-21,0.000485058575996267,9572.195619322305,10110.63650051319,-0.053254894601695524,0.00030000000000000003
2023-10-22,-7.500000000000001e-05,9571.477704650855,10110.63650051319,-0.0533259004846004,7.500000000000001e-05
2023-10-23,0.0003811674557919649,9575.126040455705,10110.63650051319,-0.05296505912662408,0.00015
2023-10-24,0.003859005759011018,9612.07650698908,10110.63650051319,-0.049310445835809014,0.0
2023-10-25,0.0037954413495803023,9648.558579619037,10110.63650051319,-0.04570215939132016,0.00015000000000000001
2023-10-26,-0.0042763480819488445,9607.297984643512,10110.63650051319,-0.04978306913161501,0.0
2023-10-27,-0.000894815150578737,9598.701228850729,10110.63650051319,-0.05063333763769251,0.0
2023-10-28,0.00020889080313053206,9600.706309259433,10110.63650051319,-0.050435023673126245,0.00022500000000000005
2023-10-29,0.001442426653801543,9614.554623935228,10110.63650051319,-0.04906534584175615,0.0
2023-10-30,0.0006249252976827298,9620.563002345678,10110.63650051319,-0.04847108271992939,0.00022500000000000005
2023-10-31,0.0005110578084705302,9625.47966618991,10110.63650051319,-0.047984796436767785,7.500000000000002e-05
2023-11-01,0.0032981987591476558,9657.226411281137,10110.63650051319,-0.044844861073686015,7.500000000000002e-05
2023-11-02,-0.0034821166099594843,9623.598822788277,10110.63650051319,-0.0481708226480293,0.0010380530973451328
2023-11-03,0.0005922549305145306,9629.298446640367,10110.63650051319,-0.0476070971247351,0.00046061946902654867
2023-11-04,0.0015367180454882333,9644.095963328711,10110.63650051319,-0.04614353776449176,0.00015
2023-11-05,0.0009928447780671258,9653.67105364508,10110.63650051319,-0.04519650635693573,0.0
2023-11-06,0.003432064191434104,9686.803072384178,10110.63650051319,-0.04191955947654724,0.00015
2023-11-07,0.008575292494396083,9769.870242065486,10110.63650051319,-0.033703739465898885,0.00012
2023-11-08,0.0023978946787297432,9793.297361930816,10110.63650051319,-0.031386662804687604,0.00030000000000000003
2023-11-09,0.00648435184716492,9856.800547769488,10110.63650051319,-0.02510583312245651,0.0008250000000000001
2023-11-10,0.007226709968033724,9928.032786540973,10110.63650051319,-0.01806055572890486,0.0006000000000000001
2023-11-11,-0.0016117620238810157,9912.03116032378,10110.63650051319,-0.019643208434931725,0.000525
2023-11-12,-0.0004874367560879887,9907.199672008748,10110.63650051319,-0.020121070369221172,0.0
2023-11-13,0.0018960133142696118,9925.983854494005,10110.63650051319,-0.0182632068722689,0.0
2023-11-14,0.004173052637203783,9967.405507594842,10110.63650051319,-0.014166367558667403,0.0
2023-11-15,0.013072823022609628,10097.707635790213,10110.63650051319,-0.00127873895202546,0.0
2023-11-16,-0.008046607885293522,10016.455341904675,10110.63650051319,-0.00931505732638438,0.0
2023-11-17,0.0009940690837271992,10026.412390488596,10110.63650051319,-0.008330248053158518,0.0
2023-11-18,-0.00020390539125308114,10024.367950947251,10110.63650051319,-0.008532454861922889,0.00022499999999999997
2023-11-19,-0.00015000000000000001,10022.864295754607,10110.63650051319,-0.008681174993693808,0.00015000000000000001
2023-11-20,0.005679624971041761,10079.790406090138,10110.63650051319,-0.003050855840924238,7.500000000000002e-05
2023-11-21,-0.009549619675303087,9983.532241305209,10110.63650051319,-0.012571341003262182,0.0003682300884955753
2023-11-22,0.008748729476426331,10070.875464103568,10110.63650051319,-0.003932594788429333,0.0
2023-11-23,-0.003864179930473288,10031.959789252882,10110.63650051319,-0.007781578465046679,0.0006338495575221238
2023-11-24,-0.00590978099635912,9972.673103934116,10110.63650051319,-0.01364537203687144,0.000495
2023-11-25,0.00014311199744880274,9974.100313101926,10110.63650051319,-0.013504212855870557,0.00015
2023-11-26,-0.0005764161030087894,9968.35108106843,10110.63650051319,-0.014072844913130766,7.500000000000001e-05
2023-11-27,-0.0005945631183582069,9962.42426716478,10110.63650051319,-0.014659040836933146,0.000375
2023-11-28,0.003984095192080916,10002.11551378906,10110.63650051319,-0.010733348658971353,0.0006000000000000001
2023-11-29,-0.002548299517650378,9976.627127649788,10110.63650051319,-0.013254296389411335,0.0006749999999999999
2023-11-30,-0.0017438266861083455,9959.229619027241,10110.63650051319,-0.014975009879770074,0.000525
2023-12-01,0.0006310687776604787,9965.51457788936,10110.63650051319,-0.014353391363289947,0.0005394174757281553
2023-12-02,0.0038036836883097304,10003.420243134891,10110.63650051319,-0.010604303435580609,0.0
2023-12-03,0.0015619159596631967,10019.04474486386,10110.63650051319,-0.009058950506694696,0.00015800970873786413
2023-12-04,0.0020705679466856124,10039.789857768987,10110.63650051319,-0.0070071397325586204,0.00030000000000000003
2023-12-05,0.006969767699907433,10109.764860833524,10110.63650051319,-8.621016882781607e-05,0.00027
2023-12-06,-0.0005620367787719015,10104.082801157,10110.63650051319,-0.0006481984943141894,0.000675
2023-12-07,0.003327600772877145,10137.705154895344,10137.705154895344,0.0,0.000675
2023-12-08,0.004646157212721636,10184.806526821207,10184.806526821207,0.0,0.0
2023-12-09,-0.00136977399799279,10170.855643666178,10184.806526821207,-0.0013697739979928736,0.0
2023-12-10,0.00029087315521546524,10173.814072538491,10184.806526821207,-0.0010792992732623352,0.0
2023-12-11,-0.012352065968379244,10048.146449964472,10184.806526821207,-0.013418033665818507,0.000345
2023-12-12,0.0024051692199310915,10072.313942523288,10184.806526821207,-0.01104513708745225,0.00015000000000000001
2023-12-13,0.009187088737596093,10164.849184506174,10184.806526821207,-0.0019595210043976685,0.0
2023-12-14,-0.0010550606424096466,10154.124652195573,10184.806526821207,-0.003012514233317498,0.00012
2023-12-15,9.850052133005382e-05,10155.124838767464,10184.806526821207,-0.0029143104462099334,0.00022499999999999997
2023-12-16,0.0,10155.124838767464,10184.806526821207,-0.0029143104462099334,0.0
2023-12-17,-0.000225,10152.839935678741,10184.806526821207,-0.0031386547263595466,0.000225
2023-12-18,0.0027009641126537324,10180.262391986525,10184.806526821207,-0.00044616800748398244,0.00030000000000000003
2023-12-19,-0.0011926691484458116,10168.12070710852,10184.806526821207,-0.0016383050251123077,0.00030000000000000003
2023-12-20,-0.004263484461647473,10124.769082469604,10184.806526821207,-0.005894804598742032,0.00037499999999999995
2023-12-21,0.0035499948701780124,10160.71196077411,10184.806526821207,-0.002365736254649975,7.500000000000002e-05
2023-12-22,-0.001153370400061659,10148.992896355001,10184.806526821207,-0.003516378084541194,7.500000000000002e-05
2023-12-23,-0.0009628368215767067,10139.221072292468,10184.806526821207,-0.004475829207819637,0.0
2023-12-24,-0.002544428090109204,10113.4225533843,10184.806526821207,-0.007008868872365959,0.00022499999999999997
2023-12-25,-0.000525,10108.113006543774,10184.806526821207,-0.007530189216207961,0.000525
2023-12-26,0.0019601705755683623,10127.926632233719,10184.806526821207,-0.005584779095969772,0.00027
2023-12-27,0.0017716728026969852,10145.870004395758,10184.806526821207,-0.003823000694506251,0.0005817961165048545
2023-12-28,-0.001047049900677881,10135.246772215365,10184.806526821207,-0.004866047722686617,0.0004687864077669903
2023-12-29,-0.00501813488012714,10084.386736869015,10184.806526821207,-0.00985976411900813,0.00042000000000000007
2023-12-30,-0.00028771680500513073,10081.485289336646,10184.806526821207,-0.01014464410418292,0.00022499999999999997
2023-12-31,0.0,10081.485289336646,10184.806526821207,-0.01014464410418292,0.0
2024-01-01,-0.00037499999999999995,10077.704732353146,10184.806526821207,-0.010515839862643706,0.00037499999999999995
2024-01-02,9.725872631373075e-05,10078.68487707958,10184.806526821207,-0.010419603893521145,0.00030000000000000003
2024-01-03,-0.015858664279220978,9918.850397237913,10184.806526821207,-0.026113027172672387,0.0009
2024-01-04,0.004326646414748269,9961.765755747545,10184.806526821207,-0.02189936259331926,0.0
2024-01-05,-0.0007871829455962623,9953.924023636597,10184.806526821207,-0.022669306734162453,0.00022500000000000005
2024-01-06,-0.0005428595105171296,9948.520441313402,10184.806526821207,-0.023199859995922112,0.00015000000000000001
2024-01-07,0.0,9948.520441313402,10184.806526821207,-0.023199859995922112,0.0
2024-01-08,0.00627809535473694,10010.978201282516,10184.806526821207,-0.017067415574456124,0.00015000000000000001
2024-01-09,-0.0005896395653211921,10005.075332447474,10184.806526821207,-0.01764699151627669,0.00075
2024-01-10,0.008379867050177552,10088.916533560394,10184.806526821207,-0.009415003908841202,0.00015000000000000001
2024-01-11,-0.0006874519335350406,10081.980888382124,10184.806526821207,-0.010095983479734838,0.000675
2024-01-12,-0.00854918027836434,9995.788216204322,10184.806526821207,-0.01855885137524349,0.0003129648262236537
2024-01-13,0.0008726246527914872,10004.510787425865,10184.806526821207,-0.017702421633689513,0.0001370351737763463
2024-01-14,-0.0019864382395943236,9984.637444629287,10184.806526821207,-0.019653695106017444,0.0
2024-01-15,0.0009538129314969532,9994.160920940283,10184.806526821207,-0.01871862812306424,0.000225
2024-01-16,0.005591685566939411,10050.045126315574,10184.806526821207,-0.01323161123883354,0.000225
2024-01-17,-0.003393862534970116,10015.936654686613,10184.806526821207,-0.01658056750414283,0.0
2024-01-18,0.0019580164777926066,10035.548023697016,10184.806526821207,-0.014655016050734493,0.00015000000000000001
2024-01-19,0.008821141271515657,10124.073010551127,10184.806526821207,-0.005963148746138791,0.000375
2024-01-20,-0.000474870505544786,10119.265386882435,10184.806526821207,-0.006435187528223807,7.500000000000001e-05
2024-01-21,0.0,10119.265386882435,10184.806526821207,-0.006435187528223807,0.0
2024-01-22,0.004021735326986135,10159.962393972008,10184.806526821207,-0.0024393328222557242,7.500000000000001e-05
2024-01-23,0.0009655232400467785,10169.772073781389,10184.806526821207,-0.0014761648147390005,0.00015000000000000001
2024-01-24,0.005026042252748861,10220.88577792504,10220.88577792504,0.0,7.500000000000001e-05
2024-01-25,0.0021406765241482498,10242.765388165844,10242.765388165844,0.0,0.00015000000000000001
2024-01-26,-0.0016078484961842832,10226.296573239713,10242.765388165844,-0.0016078484961843387,0.0
2024-01-27,0.0,10226.296573239713,10242.765388165844,-0.0016078484961843387,0.0
2024-01-28,-0.00015000000000000001,10224.762628753728,10242.765388165844,-0.0017576073189098373,0.00015000000000000001
2024-01-29,0.004557253124466998,10271.35946019055,10271.35946019055,0.0,0.0
2024-01-30,0.0024530980136564613,10296.556111679896,10296.556111679896,0.0,0.000525
2024-01-31,-0.011270198440901432,10180.511881043389,10296.556111679896,-0.011270198440901269,0.00015000000000000001
2024-02-01,0.004078422997754428,10222.032314827948,10296.556111679896,-0.007237740079657606,0.00015000000000000001
2024-02-02,0.00950505181029749,10319.193261586921,10319.193261586921,0.0,0.00030000000000000003
2024-02-03,0.0,10319.193261586921,10319.193261586921,0.0,0.0
2024-02-04,0.0,10319.193261586921,10319.193261586921,0.0,0.0
2024-02-05,0.006362385643259244,10384.84794864446,10384.84794864446,0.0,0.00015000000000000001
2024-02-06,-0.0013959781795507943,10370.350927510199,10384.84794864446,-0.0013959781795508386,0.0
2024-02-07,0.003760586964277894,10409.34953402318,10409.34953402318,0.0,0.00037499999999999995
2024-02-08,0.0014724671416069476,10424.67695917753,10424.67695917753,0.0,0.0
2024-02-09,0.010714271305261862,10536.36977638787,10536.36977638787,0.0,0.0
2024-02-10,0.0013743129618657727,10550.85004594257,10550.85004594257,0.0,0.00022499999999999997
2024-02-11,0.0,10550.85004594257,10550.85004594257,0.0,0.0
2024-02-12,0.0017966186890554024,10569.805900320533,10569.805900320533,0.0,0.00044999999999999993
2024-02-13,-0.008701771933018947,10477.829859999665,10569.805900320533,-0.00870177193301902,0.0
2024-02-14,0.01297513816138918,10613.78115006469,10613.78115006469,0.0,0.00015000000000000001
2024-02-15,0.0008102975381242918,10622.381470800778,10622.381470800778,0.0,0.00042000000000000007
2024-02-16,0.0010433815078402476,10633.464667196637,10633.464667196637,0.0,0.0
2024-02-17,-0.0012567401086023774,10620.101165655966,10633.464667196637,-0.0012567401086022167,0.0
2024-02-18,0.0024420656468289053,10646.036149878462,10646.036149878462,0.0,0.0
2024-02-19,7.824169645285204e-05,10646.869113807326,10646.869113807326,0.0,0.00030000000000000003
2024-02-20,-0.010308246667891008,10537.118560741452,10646.869113807326,-0.010308246667890875,0.0006749999999999999
2024-02-21,-0.004794402322239965,10486.599375044118,10646.869113807326,-0.015053227108367873,0.0006450000000000001
2024-02-22,0.0015665353043952095,10503.027003188172,10646.869113807326,-0.0135102732156831,0.00072
2024-02-23,-0.004204302313870842,10458.869102456021,10646.869113807326,-0.01765777425661208,0.0006450000000000001
2024-02-24,0.0012144314278627279,10471.570681793946,10646.869113807326,-0.016464786984752622,0.0
2024-02-25,0.0018960334113235669,10491.425129675665,10646.869113807326,-0.0145999713596624,0.00015
2024-02-26,0.005057160032111469,10544.48194552135,10646.869113807326,-0.009616645719181194,0.000345
2024-02-27,0.003948161156509702,10586.113259554175,10646.869113807326,-0.005706452629755776,0.000225
2024-02-28,0.012316136316696886,10716.493273522836,10716.493273522836,0.0,0.000225
2024-02-29,-2.0887972628630283e-05,10716.269427704663,10716.493273522836,-2.088797262866926e-05,0.0003981553398058253
2024-03-01,0.0131072347879814,10856.730087144857,10856.730087144857,0.0,0.0
2024-03-02,-0.0008224882005202353,10847.800554751948,10856.730087144857,-0.0008224882005202216,0.0
2024-03-03,0.0027163567386757586,10877.267050888657,10877.267050888657,0.0,0.0
2024-03-04,0.008951052183307594,10974.630035872935,10974.630035872935,0.0,0.00015800970873786413
2024-03-05,-0.014150239862783808,10819.336388460018,10974.630035872935,-0.014150239862784075,0.00030000000000000003
2024-03-06,0.011944716124670515,10948.57029027749,10974.630035872935,-0.002374544336370632,0.0003005086862314064
2024-03-07,0.00877801694137312,11044.67702576936,11044.67702576936,0.0,0.00015238144970380253
2024-03-08,-0.004580606271542787,10994.085708917957,11044.67702576936,-0.004580606271542775,5.6270996900940895e-06
2024-03-09,0.0005727771293360316,11000.382869769986,11044.67702576936,-0.0040104528087174796,1.8091940566750815e-06
2024-03-10,0.000303754972346882,11003.724290764398,11044.67702576936,-0.003707916031352676,1.2824918326550624e-05
2024-03-11,0.004231763470305764,11050.28944925537,11050.28944925537,0.0,9.27149289629168e-06
2024-03-12,0.008307535279684477,11142.090118705783,11142.090118705783,0.0,0.0001560101439898319
2024-03-13,0.001757409627507611,11161.671335150955,11161.671335150955,0.0,1.556955045022522e-05
2024-03-14,-0.005344069809734008,11102.022584342601,11161.671335150955,-0.005344069809734009,1.0092748060829716e-05
2024-03-15,-0.00821844288753506,11010.781245797056,11161.671335150955,-0.01351859276475087,0.0003159028380927533
2024-03-16,-0.008201761435686584,10920.473444798497,11161.671335150955,-0.02160947792763468,0.00020736116776780793
2024-03-17,-0.00011607697997289525,10919.205829221153,11161.671335150955,-0.021723046544670832,0.00011607697997289525
2024-03-18,0.0011371938869750773,10931.623083340764,11161.671335150955,-0.020610555973432976,0.0004164066046348593
2024-03-19,0.0015714176720961598,10948.801229038621,11161.671335150955,-0.019071526093225044,0.0003459079093183136
2024-03-20,0.00975817470114445,11055.641544199683,11161.671335150955,-0.00949945467551594,0.00023427881090265317
2024-03-21,0.009587529690921321,11161.637835756881,11161.671335150955,-3.001288343629227e-06,0.0005027414571892428
2024-03-22,0.0028422721301657287,11193.362247904457,11193.362247904457,0.0,0.00016687032908923726
2024-03-23,-7.546951340416739e-06,11193.277772144236,11193.362247904457,-7.5469513404202715e-06,7.546951340416739e-06
2024-03-24,-0.00011292963866093213,11192.013719329996,11193.362247904457,-0.00012047573772688835,0.00011292963866093213
2024-03-25,0.0002901423118772163,11195.260996065084,11195.260996065084,0.0,0.0002315616997510398
2024-03-26,-0.001842006820449974,11174.639248953616,11195.260996065084,-0.0018420068204498818,0.00012448427348545104
2024-03-27,-0.0017320800725564949,11155.283878992495,11195.260996065084,-0.0035708963896992074,0.00030324139929439783
2024-03-28,0.0029624151479363094,11188.330460935153,11195.260996065084,-0.0006190597193194147,0.00012693094514805003
2024-03-29,-0.001062968620721798,11176.437616736912,11195.260996065084,-0.0016813702989852963,9.69927395057279e-06
2024-03-30,-0.0003401718265148735,11172.635707538897,11195.260996065084,-0.0020209701706945804,1.1934965585176011e-05
2024-03-31,0.0022424472907913774,11197.689754212266,11197.689754212266,0.0,7.570060271317597e-05
2024-04-01,-0.0032544011609993337,11161.247979675649,11197.689754212266,-0.0032544011609991763,7.500000000000002e-05
2024-04-02,-0.005638616533944206,11098.313982278,11197.689754212266,-0.008874667374748846,0.000375
2024-04-03,0.0017783766634549476,11118.050964867778,11197.689754212266,-0.0071120732126490616,0.00022499999999999997
2024-04-04,0.00020562816253587383,11120.337149258663,11197.689754212266,-0.006907907492659793,0.00042000000000000007
2024-04-05,-0.003943855841823437,11076.480142629513,11197.689754212266,-0.010824519543163547,0.000795
2024-04-06,0.0,11076.480142629513,11197.689754212266,-0.010824519543163547,0.0
2024-04-07,0.0,11076.480142629513,11197.689754212266,-0.010824519543163547,0.0
2024-04-08,-0.0007618643594752964,11068.041367180405,11197.689754212266,-0.011578137086990736,0.0007199999999999999
2024-04-09,-0.005634763775329952,11005.675568620765,11197.689754212266,-0.01714766079487695,0.000375
2024-04-10,0.002962120714626241,11038.275708201032,11197.689754212266,-0.014236333521498667,0.00012
2024-04-11,-0.0018726134350123115,11017.605284810486,11197.689754212266,-0.016082287807093087,0.0007199999999999999
2024-04-12,-0.004838424180317884,10964.297436991259,11197.689754212266,-0.020842899057210595,0.000795
2024-04-13,-0.005171722797622608,10907.593129976456,11197.689754212266,-0.02590682815861045,0.00015000000000000001
2024-04-14,0.0,10907.593129976456,11197.689754212266,-0.02590682815861045,0.0
2024-04-15,-0.007996304370441992,10820.372695360224,11197.689754212266,-0.03369597364582333,0.0004500000000000001
2024-04-16,0.0004762457279263697,10825.525851630959,11197.689754212266,-0.033235775481394225,0.0001410661885692746
2024-04-17,-0.0052480064737652505,10768.713421879687,11197.689754212266,-0.03830936039027244,0.0002910661885692746
2024-04-18,-0.00039154589371980783,10764.496976358707,11197.689754212266,-0.038685906411240256,0.00015000000000000001
2024-04-19,-0.00894491332060095,10668.209483965305,11197.689754212266,-0.04728477765226391,0.00015000000000000001
2024-04-20,0.0,10668.209483965305,11197.689754212266,-0.04728477765226391,0.0
2024-04-21,-0.000225,10665.809136831413,11197.689754212266,-0.047499138577292155,0.000225
2024-04-22,-0.000225,10663.409329775624,11197.689754212266,-0.04771345127111237,0.000225
2024-04-23,-0.003260922659430115,10628.636776665378,11197.689754212266,-0.05081878405613316,0.0009
2024-04-24,-0.0005328168443276848,10622.97365995853,11197.689754212266,-0.051324523796307475,0.000675
2024-04-25,-0.00012,10621.698903119333,11197.689754212266,-0.0514383648534521,0.00012
2024-04-26,-0.0016950225765207099,10603.694883677541,11197.689754212266,-0.05304619824024692,0.0008065517945297011
2024-04-27,-4.181582516751423e-06,10603.650543452402,11197.689754212266,-0.05305015800570845,4.181582516751423e-06
2024-04-28,-3.9239357577169344e-06,10603.608935408873,11197.689754212266,-0.053053873776054195,3.9239357577169344e-06
2024-04-29,0.010370437324700358,10713.572997289164,11197.689754212266,-0.04323362832418087,0.0001533580234397712
2024-04-30,-0.008819486407437984,10619.08478586448,11197.689754212266,-0.05167181633426943,2.644769332369637e-06
2024-05-01,-0.009364407701787904,10519.64334650979,11197.689754212266,-0.06055234808121135,0.0004553533504255292
2024-05-02,0.0038661156442608567,10560.313504223775,11197.689754212266,-0.056920334817164187,0.00015497003533229383
2024-05-03,0.011270263924608656,10679.331024542986,11197.689754212266,-0.046291578088622054,0.000543776215269399
2024-05-04,0.0,10679.331024542986,11197.689754212266,-0.046291578088622054,0.0
2024-05-05,-0.00015000000000000001,10677.729124889305,11197.689754212266,-0.046434634351908644,0.00015000000000000001
2024-05-06,0.0027134536535944726,10706.702647995327,11197.689754212266,-0.04384717892654977,0.00015000000000000001
2024-05-07,0.004253333957080202,10752.241829936407,11197.689754212266,-0.03978034166452005,0.00015000000000000001
2024-05-08,0.00045030840514330444,10757.08365480656,11197.689754212266,-0.03934794668158781,0.000225
2024-05-09,0.001031956909680948,10768.184501612155,11197.689754212266,-0.03835659515736656,0.00015000000000000001
2024-05-10,0.00435646555990119,10815.095726536088,11197.689754212266,-0.034167228783263615,0.0
2024-05-11,0.0,10815.095726536088,11197.689754212266,-0.034167228783263615,0.0
2024-05-12,0.0,10815.095726536088,11197.689754212266,-0.034167228783263615,0.0
2024-05-13,-0.0015553369882427169,10798.27460812122,11197.689754212266,-0.03566942421679398,0.00030000000000000003
2024-05-14,-0.0002594584101776377,10795.472904958737,11197.689754212266,-0.03591962789487235,0.0
2024-05-15,0.015050809707447672,10957.953513353177,11197.689754212266,-0.021409437671632836,0.00015000000000000001
2024-05-16,-0.00043322119018054966,10953.206295690181,11197.689754212266,-0.02183338383974398,0.00015000000000000001
2024-05-17,-0.0010618748608324595,10941.575361279276,11197.689754212266,-0.022872074379150065,7.500000000000002e-05
2024-05-18,0.00022523507993767172,10944.039787880418,11197.689754212266,-0.022651990892713525,7.500000000000002e-05
2024-05-19,-0.0011472513903558023,10931.484223017662,11197.689754212266,-0.023773254755023454,0.00015000000000000001
2024-05-20,0.00585987860878506,10995.541393578396,11197.689754212266,-0.018052684533238383,0.00022499999999999997
2024-05-21,-0.00041842806441367485,10990.9405504759,11197.689754212266,-0.018463558847805484,0.0004028761061946903
2024-05-22,-0.00808471671922878,10902.081909647419,11197.689754212266,-0.026399002924120785,0.0
2024-05-23,-0.0003814359710532574,10897.923463447709,11197.689754212266,-0.02677036936585897,0.0005761061946902656
2024-05-24,0.0006740981715215274,10905.2697337278,11197.689754212266,-0.0261143170513779,0.000645
2024-05-25,0.001291898577929376,10919.358236188738,11197.689754212266,-0.02485615552251097,7.500000000000002e-05
2024-05-26,-0.0012440537044334705,10905.773968124971,11197.689754212266,-0.026069286834588756,0.00022500000000000005
2024-05-27,0.0003383149441315268,10909.46355443571,11197.689754212266,-0.025739791519776123,0.000375
2024-05-28,0.003131194864324774,10943.623210689897,11197.689754212266,-0.02268919295846683,0.000945
2024-05-29,-0.0008056945968196833,10934.805992599415,11197.689754212266,-0.023476606995113558,0.00015
2024-05-30,-0.007377787138591932,10854.131321584216,11197.689754212266,-0.03068118872455916,0.00042000000000000007
2024-05-31,-0.0020709315562065346,10831.65315851514,11197.689754212266,-0.03268858163885391,0.00027
2024-06-01,0.000707073797956348,10839.311936652079,11197.689754212266,-0.032004621080466644,0.0
2024-06-02,-0.00044933418622561394,10834.441463243778,11197.689754212266,-0.03243957449632351,0.0
2024-06-03,0.005372061626649795,10892.644750474652,11197.689754212266,-0.027241780263010495,0.0
2024-06-04,0.0020233098628245575,10914.683946030533,11197.689754212266,-0.025273588962872795,0.00015
2024-06-05,0.006799384262582442,10988.897076284235,11197.689754212266,-0.01864604954334348,0.00030000000000000003
2024-06-06,-0.0030168798354777756,10955.74489428065,11197.689754212266,-0.02160667648794279,0.00075
2024-06-07,-0.005202608448407263,10898.74644333507,11197.689754212266,-0.02669687385871189,0.00045
2024-06-08,-0.00020308682994905612,10896.533051469474,11197.689754212266,-0.026894538905179566,0.00015000000000000001
2024-06-09,0.0,10896.533051469474,11197.689754212266,-0.026894538905179566,0.0
2024-06-10,-0.0022107886463747727,10872.443119914438,11197.689754212266,-0.02904586941029319,0.00015000000000000001
2024-06-11,0.0070878671044640965,10949.505551849237,11197.689754212266,-0.02216387556814281,0.0
2024-06-12,0.01134134025282142,11073.687619912918,11197.689754212266,-0.011073903369460791,0.0
2024-06-13,0.0036854497503045463,11114.499139186675,11197.689754212266,-0.0074292659335643,0.00012
2024-06-14,0.0010274509030948394,11125.918741364678,11197.689754212266,-0.0064094482364623895,0.000225
2024-06-15,0.0,11125.918741364678,11197.689754212266,-0.0064094482364623895,0.0
2024-06-16,0.0,11125.918741364678,11197.689754212266,-0.0064094482364623895,0.0
2024-06-17,0.006771435322799925,11201.257180528557,11201.257180528557,0.0,0.000225
2024-06-18,0.0037070785734630352,11242.78112101834,11242.78112101834,0.0,0.000225
2024-06-19,-0.00048537616591975123,11237.324143023548,11242.78112101834,-0.0004853761659194822,0.000225
2024-06-20,-0.005449931389310021,11176.081497444633,11242.78112101834,-0.0059326622884272595,0.000225
2024-06-21,-0.0046280682887681526,11124.357829073619,11242.78112101834,-0.010533273810990562,0.0
2024-06-22,0.0,11124.357829073619,11242.78112101834,-0.010533273810990562,0.0
2024-06-23,0.0,11124.357829073619,11242.78112101834,-0.010533273810990562,0.0
2024-06-24,-0.00844999882145402,11030.357018528513,11242.78112101834,-0.018894266481155775,0.000525
2024-06-25,0.001385850544410545,11045.643444807685,11242.78112101834,-0.017534600566234237,0.000525
2024-06-26,0.006888908701923312,11121.735874052963,11242.78112101834,-0.010766486126736363,0.000225
2024-06-27,-0.0016151870773784683,11103.772189991174,11242.78112101834,-0.012364283314854396,0.0006749999999999999
2024-06-28,-0.001049712776086982,11092.11641846058,11242.78112101834,-0.013401017144778593,0.0
2024-06-29,-0.00030000000000000003,11088.788783535041,11242.78112101834,-0.013696996839635323,0.00030000000000000003
2024-06-30,-0.00030000000000000003,11085.462146899983,11242.78112101834,-0.01399288774058316,0.00030000000000000003
2024-07-01,0.008263402748583245,11177.065785273991,11242.78112101834,-0.005845113859016204,0.00030000000000000003
2024-07-02,0.009558359493495535,11283.90019813209,11283.90019813209,0.0,0.000375
2024-07-03,0.006293738707636684,11354.918117582185,11354.918117582185,0.0,0.000375
2024-07-04,0.000845872741795678,11364.52293330317,11364.52293330317,0.0,0.00015000000000000001
2024-07-05,0.003866788785644876,11408.467143135871,11408.467143135871,0.0,0.00015000000000000001
2024-07-06,0.0,11408.467143135871,11408.467143135871,0.0,0.0
2024-07-07,0.0,11408.467143135871,11408.467143135871,0.0,0.0
2024-07-08,0.0001539711560593283,11410.223718010766,11410.223718010766,0.0,0.0
2024-07-09,0.00271783291032744,11441.234799545775,11441.234799545775,0.0,0.0004500000000000001
2024-07-10,0.007366602116505558,11525.517824035545,11525.517824035545,0.0,0.00030000000000000003
2024-07-11,-0.01732182418569876,11325.874830638464,11525.517824035545,-0.01732182418569872,0.0
2024-07-12,0.003909453698981312,11370.152813889303,11525.517824035545,-0.013480089356353364,0.0004500000000000001
2024-07-13,0.0,11370.152813889303,11525.517824035545,-0.013480089356353364,0.0
2024-07-14,-4.272476059646563e-06,11370.104235183611,11525.517824035545,-0.01348430423905389,4.272476059646563e-06
2024-07-15,0.003294448840315061,11407.562461895473,11525.517824035545,-0.010234278749201686,0.0006760089708489351
2024-07-16,0.0031109553049245287,11443.050878852564,11525.517824035545,-0.007155161828044099,3.2635052107115384e-06
2024-07-17,-0.013005919423869628,11294.223481158968,11525.517824035545,-0.020068021793713364,0.000375
2024-07-18,-0.0018896410480353665,11272.881452863283,11525.517824035545,-0.021919741484014654,0.00030000000000000003
2024-07-19,-0.0005312054617493979,11266.89323666587,11525.517824035545,-0.022439303059367477,0.00027
2024-07-20,0.0006061156443623679,11273.722276919973,11525.517824035545,-0.02184678822763808,0.00022499999999999997
2024-07-21,-0.000225,11271.185689407666,11525.517824035545,-0.022066872700286844,0.000225
2024-07-22,-0.00027,11268.142469271525,11525.517824035545,-0.022330914644657862,0.00027
2024-07-23,-0.004275356909130447,11219.967138512458,11525.517824035545,-0.026510798923575107,0.00042000000000000007
2024-07-24,-0.0018362809889296082,11199.364126159593,11525.517824035545,-0.028298398636440014,0.00022499999999999997
2024-07-25,-0.0038777504105090336,11155.935787321936,11525.517824035545,-0.03206641492001994,0.00044999999999999993
2024-07-26,0.004357933742477915,11204.552616318424,11525.517824035545,-0.027848224489122164,0.00030000000000000003
2024-07-27,-2.4941734139771744e-05,11204.273155345913,11525.517824035545,-0.02787247164025053,0.0
2024-07-28,0.00041263603263952967,11208.896442169344,11525.517824035545,-0.027471336793728485,0.00015000000000000001
2024-07-29,-0.0008741680532445919,11199.097982987472,11525.517824035545,-0.028321490281968176,0.000375
2024-07-30,-0.000747344027239405,11190.728403999417,11525.517824035545,-0.029047668412602756,0.0
2024-07-31,-0.0034137597098124247,11152.525946250391,11525.517824035545,-0.03236226636232431,0.0009
2024-08-01,0.0017900759359100464,11172.489814571385,11525.517824035545,-0.03063012134066101,0.00015000000000000001
2024-08-02,-0.01627005880881141,10990.712748247463,11525.517824035545,-0.04640182627393885,0.000675
2024-08-03,0.0,10990.712748247463,11525.517824035545,-0.04640182627393885,0.0
2024-08-04,0.0,10990.712748247463,11525.517824035545,-0.04640182627393885,0.0
2024-08-05,-0.000854584915897999,10981.320250917843,11525.517824035545,-0.04721675688903293,0.0
2024-08-06,-0.0005320600272851305,10975.477529365513,11525.517824035545,-0.04772369476735938,0.0
2024-08-07,0.0005544906900328716,10981.563329474211,11525.517824035545,-0.04719566642176898,0.0
2024-08-08,0.0010435138453144031,10993.022742851716,11525.517824035545,-0.04620140190780442,0.0
2024-08-09,0.0003251151449471745,10996.596741034165,11525.517824035545,-0.04589130753833526,0.0
2024-08-10,0.0,10996.596741034165,11525.517824035545,-0.04589130753833526,0.0
2024-08-11,0.0,10996.596741034165,11525.517824035545,-0.04589130753833526,0.0
2024-08-12,0.001743714517437145,11015.771666413908,11525.517824035545,-0.04422761436007694,0.0
2024-08-13,-0.001010780310189397,11004.637141311952,11525.517824035545,-0.04519369026850473,0.0009306092786554537
2024-08-14,0.0030015431464377523,11037.668034502492,11525.517824035545,-0.042327797933354505,0.0003870337923789646
2024-08-15,0.006555747275011041,11110.028196642159,11525.517824035545,-0.036049541004302244,0.0006592484069848189
2024-08-16,0.0022729124655265416,11135.280318222658,11525.517824035545,-0.033858565989901,0.0009568914780192371
2024-08-17,0.0,11135.280318222658,11525.517824035545,-0.033858565989901,0.0
2024-08-18,0.0,11135.280318222658,11525.517824035545,-0.033858565989901,0.0
2024-08-19,0.002332317591474016,11161.251328394843,11525.517824035545,-0.03160521732750732,0.00012
2024-08-20,-0.0005405220881094895,11155.218425520905,11525.517824035545,-0.03212865609755167,0.000795
2024-08-21,-0.00034405099185650024,11151.380461557228,11525.517824035545,-0.03246165319341088,0.00027
2024-08-22,-0.00817313963428498,11060.238671929883,11525.517824035545,-0.040369479203386405,0.000345
2024-08-23,0.007673716984231344,11145.111813276322,11525.517824035545,-0.03300554617736284,0.00015000000000000001
2024-08-24,9.804171044656141e-05,11146.204499101616,11525.517824035545,-0.0329107403871175,0.0
2024-08-25,0.0002651974894691378,11149.160444551886,11525.517824035545,-0.03265427074337568,0.0
2024-08-26,-0.007042283556906173,11070.644895279911,11525.517824035545,-0.03946659366636296,0.00027
2024-08-27,-0.00019346120960118658,11068.503154927404,11525.517824035545,-0.03965241962101462,0.00030000000000000003
2024-08-28,-0.003503757347805322,11029.721805669122,11525.517824035545,-0.04301724451221456,0.000525
2024-08-29,-0.0050058244460589475,10974.508954621075,11525.517824035545,-0.04780773218409207,0.0009000000000000002
2024-08-30,-0.0017256285804686878,10955.57102831237,11525.517824035545,-0.04945086237553653,0.000375
2024-08-31,0.0,10955.57102831237,11525.517824035545,-0.04945086237553653,0.0
2024-09-01,0.0,10955.57102831237,11525.517824035545,-0.04945086237553653,0.0
2024-09-02,0.0006985752443753937,10963.224319020743,11525.517824035545,-0.048786832279429926,0.0004500000000000001
2024-09-03,-0.007530298881907995,10880.667963189115,11525.517824035545,-0.05594975173277228,0.0008250000000000001
2024-09-04,-0.00012,10879.362283033532,11525.517824035545,-0.05606303776256438,0.00012
2024-09-05,0.0036982466440887668,10919.596848086585,11525.517824035545,-0.0525721260597386,0.000225
2024-09-06,-0.006269130469928569,10851.14047076691,11525.517824035545,-0.05851167501231702,0.00012
2024-09-07,0.0,10851.14047076691,11525.517824035545,-0.05851167501231702,0.0
2024-09-08,0.0,10851.14047076691,11525.517824035545,-0.05851167501231702,0.0
2024-09-09,-0.00016137708445400077,10849.389345354737,11525.517824035545,-0.058663609653251014,0.0
2024-09-10,0.0009502746365105153,10859.699244871252,11525.517824035545,-0.05776908155708038,0.00012
2024-09-11,0.0008344036911382837,10868.760618005826,11525.517824035545,-0.05698288060082679,0.00030000000000000003
2024-09-12,0.0038425174382794663,10910.524020212999,11525.517824035545,-0.05335932087493944,0.00014027023255605255
2024-09-13,0.005360478691818097,10969.00965173992,11525.517824035545,-0.04828487368568135,0.0006784492450951494
2024-09-14,-0.0010829439220002035,10957.130829407206,11525.517824035545,-0.049315527797199166,0.00015367517701872166
2024-09-15,-2.605345330076489e-06,10957.10228229757,11525.517824035545,-0.049318004658549075,2.605345330076489e-06
2024-09-16,-0.006661434333152029,10884.112264962416,11525.517824035545,-0.05565091034222602,0.0005270602427875897
2024-09-17,0.005311473829000653,10941.922942409668,11525.517824035545,-0.05063502486706817,0.0005229397572124102
2024-09-18,-0.0029823731744918073,10909.29004494887,11525.517824035545,-0.05346638550170668,0.0
2024-09-19,0.013623277237746144,11057.910327698191,11525.517824035545,-0.040571495656550494,0.0004837168141592921
2024-09-20,-0.0037010831431685616,11016.984082185676,11525.517824035545,-0.044122420321051736,0.00026548672566371683
2024-09-21,0.0010916702045521939,11029.010995452227,11525.517824035545,-0.04307891724811641,0.0002568932038834951
2024-09-22,-7.500000000000001e-05,11028.183819627566,11525.517824035545,-0.04315068632932306,7.500000000000001e-05
2024-09-23,0.004044090477980046,11072.782792801936,11525.517824035545,-0.03928110113104566,0.00030000000000000003
2024-09-24,0.0029452035036008377,11105.394391477907,11525.517824035545,-0.03645158846412133,0.00030000000000000003
2024-09-25,0.003582618895121486,11145.180787262594,11525.517824035545,-0.03299956171858831,0.000375
2024-09-26,-0.0010298196926772857,11133.703260609422,11525.517824035545,-0.03399539781275818,0.0005481553398058252
2024-09-27,0.0033182731163293195,11170.647928824288,11525.517824035545,-0.030789930711070057,0.0
2024-09-28,-0.00042425447407762155,11165.90873146214,11525.517824035545,-0.031201122419286853,0.00018626213592233014
2024-09-29,-0.0005945643398719973,11159.269880308148,11525.517824035545,-0.03177713568440432,0.00022500000000000005
2024-09-30,-0.0031314213657763165,11124.325504178487,11525.517824035545,-0.03480904944855523,0.00030000000000000003
2024-10-01,-0.00618185856316992,11055.556497300991,11525.517824035545,-0.040775723391315855,0.000375
2024-10-02,-0.002245913381885964,11030.726675019507,11525.517824035545,-0.04293005803038119,0.00022500000000000005
2024-10-03,0.0026498221193839784,11059.956138555854,11525.517824035545,-0.04039399292835244,0.00015000000000000001
2024-10-04,0.006337809197350261,11130.052030293084,11525.517824035545,-0.03431219315090117,0.0
2024-10-05,0.0,11130.052030293084,11525.517824035545,-0.03431219315090117,0.0
2024-10-06,0.0,11130.052030293084,11525.517824035545,-0.03431219315090117,0.0
2024-10-07,0.0016916468836136345,11148.880148124586,11525.517824035545,-0.03267859038190124,0.00012
2024-10-08,0.0008368364557209806,11158.209937473,11525.517824035545,-0.03186910056193337,0.0
2024-10-09,0.00272322572914806,11188.596261865961,11525.517824035545,-0.029232661587400566,0.0
2024-10-10,0.0038486343109027875,11231.657077330217,11525.517824035545,-0.02549653310088207,0.0
2024-10-11,0.0031887517057485274,11267.472042993935,11525.517824035545,-0.022389083508549734,0.0
2024-10-12,0.0,11267.472042993935,11525.517824035545,-0.022389083508549734,0.0
2024-10-13,0.0,11267.472042993935,11525.517824035545,-0.022389083508549734,0.0
2024-10-14,0.004547407799788958,11318.70983324615,11525.517824035545,-0.017943488001737617,0.00037499999999999995
2024-10-15,-0.0047109896683794,11265.387508162343,11525.517824035545,-0.02256994608352625,0.0002107142857142858
2024-10-16,0.00641978983559036,11337.708928381231,11525.517824035545,-0.016295050558392643,0.0002107142857142858
2024-10-17,0.003381773848578223,11376.050495938021,11525.517824035545,-0.012968382885654162,0.0
2024-10-18,0.004054156361318484,11422.17078342281,11525.517824035545,-0.008966802376307537,0.0002107142857142858
2024-10-19,-0.00022852948829468528,11419.560480578459,11525.517824035545,-0.009193282685843518,0.00027857142857142864
2024-10-20,-0.00015000000000000001,11417.847546506373,11525.517824035545,-0.009341903693440567,0.00015000000000000001
2024-10-21,0.002443010118256603,11445.7414635912,11525.517824035545,-0.006921715940430784,0.00022500000000000005
2024-10-22,0.0004896220990931184,11451.345551552278,11525.517824035545,-0.006435482866425923,0.0002107142857142858
2024-10-23,-0.010162125658134145,11334.97553910269,11525.517824035545,-0.01653221033900054,0.0
2024-10-24,0.0025610595201326987,11364.005086117579,11525.517824035545,-0.014013490793545524,0.00046642857142857147
2024-10-25,0.0006588316171782641,11371.492051966088,11525.517824035545,-0.013363891707169007,0.0004505555555555556
2024-10-26,0.0002765961470935125,11374.637362854364,11525.517824035545,-0.013090991961032028,0.0002477777777777779
2024-10-27,0.0,11374.637362854364,11525.517824035545,-0.013090991961032028,0.0
2024-10-28,-0.0030333334298346826,11340.134295089372,11525.517824035545,-0.016084616047321587,0.0004500000000000001
2024-10-29,0.0031415091351334134,11375.759430571035,11525.517824035545,-0.012993636880435977,0.000375
2024-10-30,0.0005158679961522905,11381.627820793194,11525.517824035545,-0.012484471885704007,0.0006749999999999999
2024-10-31,-0.023332432378728875,11116.066759304678,11525.517824035545,-0.03552561116837538,0.0008250000000000001
2024-11-01,-0.0022627305730283133,11090.914095196578,11525.517824035545,-0.03770795685488737,0.0
2024-11-02,-0.0002375718763382162,11088.279205924677,11525.517824035545,-0.037936570381162604,0.0
2024-11-03,-0.0010373587548810459,11076.776682413845,11525.517824035545,-0.03893457530262856,0.0
2024-11-04,-0.003858029528645189,11034.042150890884,11525.517824035545,-0.04264239409007098,0.00012
2024-11-05,0.0008118594701405782,11043.000242505015,11525.517824035545,-0.041865154251401915,0.00012
2024-11-06,0.018886114055522343,11251.559604600125,11525.517824035545,-0.023769710274023637,0.0011250000000000001
2024-11-07,0.00883541303943428,11350.971781044584,11525.517824035545,-0.015144312442687768,0.0
2024-11-08,0.01112444257649289,11477.245014810205,11525.517824035545,-0.004188341900324133,0.0
2024-11-09,0.003160787561988209,11513.522148098908,11525.517824035545,-0.0010407927973198339,0.0
2024-11-10,0.005797979093968718,11580.277308811528,11580.277308811528,0.0,0.0
2024-11-11,0.02194136742633902,11834.36442814306,11834.36442814306,0.0,0.0
2024-11-12,-0.002365558817833067,11806.369543016617,11834.36442814306,-0.002365558817833069,0.0
2024-11-13,0.0027016082974046056,11838.265728936254,11838.265728936254,0.0,0.0
2024-11-14,-0.009909637802517114,11720.952803352544,11838.265728936254,-0.00990963780251719,0.00015999056195926552
2024-11-15,-0.0022423697157924376,11694.670093746076,11838.265728936254,-0.012129786446606672,0.00015036619128437132
2024-11-16,-0.00024666010167662654,11691.785485231678,11838.265728936254,-0.012373454613925028,0.00015285110814708373
2024-11-17,-0.001723398197276009,11671.635883203493,11838.265728936254,-0.014075528421825134,2.7075233746553797e-06
2024-11-18,0.0075086933903186865,11759.27461841391,11838.265728936254,-0.006672523858732626,0.00015009938918705644
2024-11-19,0.005134780550977137,11819.655913018141,11838.265728936254,-0.0015720052534912154,0.0005265607677548284
2024-11-20,0.0013300067258664387,11835.37613487988,11838.265728936254,-0.00024408930518526883,0.00030740631648412653
2024-11-21,0.01708505926998664,12037.584237626888,12037.584237626888,0.0,0.0003002480427112938
2024-11-22,0.005255674213428806,12100.849858696562,12100.849858696562,0.0,0.0006063645714819158
2024-11-23,-0.00026889570123697073,12097.595992188244,12100.849858696562,-0.0002688957012370041,0.0
2024-11-24,-0.0011338126766211095,12083.87958449566,12100.849858696562,-0.0014024035005033575,0.00015000000000000001
2024-11-25,-0.010547260337948642,11956.427760625564,12100.849858696562,-0.011934872323633217,0.00042000000000000007
2024-11-26,0.0008100026379463528,11966.112498652084,12100.849858696562,-0.01113453696375255,0.00015800970873786413
2024-11-27,-0.00031251051166851653,11962.372962712448,12100.849858696562,-0.011443567815577316,0.00032752427184466027
2024-11-28,-0.0005310775302575839,11956.020015223392,12100.849858696562,-0.011968567924101947,0.0
2024-11-29,0.006230354819770786,12030.510262150516,12100.849858696562,-0.005812781529182853,0.0
2024-11-30,0.0004709735228952572,12036.176313950906,12100.849858696562,-0.005344545672482437,0.0
2024-12-01,0.0011997728788583793,12050.616991857542,12100.849858696562,-0.0041511850345716805,0.00015000000000000001
2024-12-02,0.00438882843168046,12103.505082330697,12103.505082330697,0.0,0.00030000000000000003
2024-12-03,-0.0010037160668989764,12091.356599813767,12103.505082330697,-0.0010037160668990852,0.000675
2024-12-04,0.0060353066870706355,12164.331645156379,12164.331645156379,0.0,0.0012000000000000001
2024-12-05,-0.0001239849657950579,12162.823450913436,12164.331645156379,-0.00012398496579490992,0.0006000000000000001
2024-12-06,0.005156412001703907,12225.53997973033,12225.53997973033,0.0,0.00030000000000000003
2024-12-07,-4.814727860414369e-05,12224.95135325084,12225.53997973033,-4.8147278604138144e-05,0.0
2024-12-08,0.001311574564971407,12240.985288503778,12240.985288503778,0.0,0.0
2024-12-09,-0.010093133843916764,12117.435385605495,12240.985288503778,-0.010093133843916635,0.0003682300884955753
2024-12-10,-0.0019418623128123766,12093.904994502249,12240.985288503778,-0.012015396680499335,0.00026548672566371683
2024-12-11,0.015796559525460784,12284.947084643172,12284.947084643172,0.0,0.0003981553398058254
2024-12-12,-0.0014872621245605024,12266.676148141953,12284.947084643172,-0.0014872621245605178,0.0
2024-12-13,0.005932714538547707,12339.450836065691,12339.450836065691,0.0,0.0
2024-12-14,-0.0006617861398521327,12331.284758528995,12339.450836065691,-0.0006617861398522384,0.0
2024-12-15,0.003929277436940492,12379.73779749917,12379.73779749917,0.0,0.0
2024-12-16,0.006351428777209969,12458.36682040052,12458.36682040052,0.0,0.0003981553398058254
2024-12-17,-0.001088947766042752,12444.800309682907,12458.36682040052,-0.001088947766042514,0.0008925728155339807
2024-12-18,-0.020708387472239867,12187.088562855342,12458.36682040052,-0.02177478488600615,0.0006
2024-12-19,-0.006443103602485757,12108.565888632194,12458.36682040052,-0.028077591293549697,0.0004500000000000001
2024-12-20,0.00026904347020886014,12111.823619218125,12458.36682040052,-0.02781610191593753,0.000225
2024-12-21,-0.00067582988272108,12103.63808688201,12458.36682040052,-0.028473132845763027,0.00015230717093812674
2024-12-22,-3.2743135103424984e-06,12103.598455776299,12458.36682040052,-0.028476313929309827,3.2743135103424984e-06
2024-12-23,0.001879798672348281,12126.350784084103,12458.36682040052,-0.02665004499407919,0.00015496838363575745
2024-12-24,0.007096652475205247,12212.40728139118,12458.36682040052,-0.019742518626645555,0.0003006131008127118
2024-12-25,0.0,12212.40728139118,12458.36682040052,-0.019742518626645555,0.0
2024-12-26,-0.0012996471249411923,12196.535461379308,12458.36682040052,-0.02101650744401462,0.0
2024-12-27,-0.008817094093999901,12088.997460595521,12458.36682040052,-0.029648297014353342,0.00045718278990378695
2024-12-28,-8.112948910021511e-07,12088.987652853642,12458.36682040052,-0.02964908425573254,8.112948910021511e-07
2024-12-29,-0.00011200591520521089,12087.63361472768,12458.36682040052,-0.029757769298120795,0.00011200591520521089
2024-12-30,-0.001476339423714429,12069.788164682843,12458.36682040052,-0.03119017615385844,0.00015000000000000001
2024-12-31,0.0,12069.788164682843,12458.36682040052,-0.03119017615385844,0.0
2025-01-01,0.0,12069.788164682843,12458.36682040052,-0.03119017615385844,0.0
2025-01-02,-0.00105,12057.114887109925,12458.36682040052,-0.03220742646889696,0.00105
2025-01-03,0.0026606886000172,12089.195115239156,12458.36682040052,-0.029632431801321468,7.500000000000001e-05
2025-01-04,0.0005808860476853641,12096.217560009345,12458.36682040052,-0.0290687588198284,0.00015
2025-01-05,-0.00033797471953342644,12092.129344272087,12458.36682040052,-0.029396909033752472,7.500000000000002e-05
2025-01-06,0.008093912712643639,12190.001983694621,12458.36682040052,-0.021540932336849616,7.500000000000002e-05
2025-01-07,-0.017115318884724853,11981.366212538258,12458.36682040052,-0.038287571295555045,0.0
2025-01-08,0.0028336341277792583,12015.317020735527,12458.36682040052,-0.03556243013646876,7.500000000000002e-05
2025-01-09,0.00040315532406259846,12020.161059762737,12458.36682040052,-0.035173611995452214,0.0
2025-01-10,-0.0010801015318048337,12007.178065389548,12458.36682040052,-0.03621572245506155,0.00015000000000000001
2025-01-11,-0.00024740744856664433,12004.207400099904,12458.36682040052,-0.03645416986413763,0.00015000000000000001
2025-01-12,0.0,12004.207400099904,12458.36682040052,-0.03645416986413763,0.0
2025-01-13,-0.00126297435560479,11989.046393994218,12458.36682040052,-0.03767110353804903,0.0
2025-01-14,0.0013231735259160125,12004.90998278373,12458.36682040052,-0.03639777541902656,0.00026867068114605844
2025-01-15,0.01688240303519343,12207.581711514304,12458.36682040052,-0.020129854298041483,0.00022632931885394162
2025-01-16,-0.0027077978061900037,12174.52604853698,12458.36682040052,-0.02278314452892438,0.00022500000000000005
2025-01-17,0.012917749612821557,12331.793527686756,12458.36682040052,-0.010159701872520022,0.00022500000000000005
2025-01-18,-0.0024460189610033623,12301.629726894857,12458.36682040052,-0.012580870010104994,7.500000000000002e-05
2025-01-19,-0.0032300777062285405,12261.894506963736,12458.36682040052,-0.015770310528588904,0.0
2025-01-20,-0.004151757760440305,12210.986091286748,12458.36682040052,-0.019856593779907672,0.0
2025-01-21,0.004900305126875057,12270.823649034079,12458.36682040052,-0.015053592021334716,0.00015000000000000001
2025-01-22,0.009794574552836327,12391.01114608925,12458.36682040052,-0.0054064609978393685,0.0
2025-01-23,-0.0015589961773861227,12371.693607078549,12458.36682040052,-0.006957028523196573,0.00015000000000000001
2025-01-24,-0.008258896038026903,12269.517075763366,12458.36682040052,-0.015158467185916735,0.00012
2025-01-25,-0.00013605605431303848,12267.847733681712,12458.36682040052,-0.015292460838994937,0.0
2025-01-26,-0.0017413510636880903,12246.485103981502,12458.36682040052,-0.01700718235973464,0.0
2025-01-27,-0.028221445072224682,11900.871597291669,12458.36682040052,-0.0447486601691609,0.000525
2025-01-28,0.006283400775775814,11975.649543118498,12458.36682040052,-0.03874643315940707,0.000525
2025-01-29,0.0002345218025419536,11978.45809403596,12458.36682040052,-0.03852099824021182,0.0
2025-01-30,-0.005171059834249664,11916.516770509646,12458.36682040052,-0.043492863687686345,0.0004500000000000001
2025-01-31,0.002370894429945314,11944.769573745196,12458.36682040052,-0.04122508624600074,0.00030000000000000003
2025-02-01,0.0,11944.769573745196,12458.36682040052,-0.04122508624600074,0.0
2025-02-02,0.0,11944.769573745196,12458.36682040052,-0.04122508624600074,0.0
2025-02-03,-0.010516152073891753,11819.156560420095,12458.36682040052,-0.051307709043670324,0.000675
2025-02-04,0.002154560086130736,11844.621643396906,12458.36682040052,-0.04926369449955592,0.00015000000000000001
2025-02-05,0.0010174089984173683,11856.67246803975,12458.36682040052,-0.048296406827217475,0.0
2025-02-06,-0.0003076296878508824,11853.025003589455,12458.36682040052,-0.04858917910651184,0.000375
2025-02-07,0.000237107582986418,11855.835445699133,12458.36682040052,-0.0483635923863428,0.00030000000000000003
2025-02-08,0.0,11855.835445699133,12458.36682040052,-0.0483635923863428,0.0
2025-02-09,0.0,11855.835445699133,12458.36682040052,-0.0483635923863428,0.0
2025-02-10,0.004370222103138748,11907.648079815102,12458.36682040052,-0.044204729923638,0.0001435061715720007
2025-02-11,-0.001974120324073481,11884.140949728826,12458.36682040052,-0.04609158479194897,6.493828427999317e-06
2025-02-12,-0.0041345743832924995,11835.00508499064,12458.36682040052,-0.050035590089475335,0.00015000000000000001
2025-02-13,0.005018922559734491,11894.404059006272,12458.36682040052,-0.04526779228163047,0.00030000000000000003
2025-02-14,0.0010420687690090229,11906.798846002135,12458.36682040052,-0.04427289566520032,0.000525
2025-02-15,0.0,11906.798846002135,12458.36682040052,-0.04427289566520032,0.0
2025-02-16,0.0,11906.798846002135,12458.36682040052,-0.04427289566520032,0.0
2025-02-17,-0.0006399601884041672,11899.178968769358,12458.36682040052,-0.04488452296295331,0.0008250000000000001
2025-02-18,0.0008116680160741963,11908.837151755848,12458.36682040052,-0.044109286278585125,0.00030000000000000003
2025-02-19,-3.3806191019541704e-05,11908.434559332274,12458.36682040052,-0.044141601302647104,0.0004500000000000001
2025-02-20,-0.0035452732271272734,11866.215905112076,12458.36682040052,-0.0475303804924736,0.000675
2025-02-21,-0.0027751651001889665,11833.285196860903,12458.36682040052,-0.050173640939521036,0.000375
2025-02-22,0.0019160458070055205,11855.958313345449,12458.36682040052,-0.04835373012685984,7.500000000000001e-05
2025-02-23,0.0,11855.958313345449,12458.36682040052,-0.04835373012685984,0.0
2025-02-24,-0.0037130627850912833,11811.936395750574,12458.36682040052,-0.0518872524760966,0.000525
2025-02-25,-2.427860993008402e-05,11811.649618354302,12458.36682040052,-0.051910271335663505,0.0
2025-02-26,-0.002704012357963426,11779.71077181834,12458.36682040052,-0.054473917678429906,0.0
2025-02-27,-0.001423089529683258,11762.947188756267,12458.36682040052,-0.05581948594622432,0.00015000000000000001
2025-02-28,0.0,11762.947188756267,12458.36682040052,-0.05581948594622432,0.0
2025-03-01,0.0,11762.947188756267,12458.36682040052,-0.05581948594622432,0.0
2025-03-02,0.0,11762.947188756267,12458.36682040052,-0.05581948594622432,0.0
2025-03-03,0.0,11762.947188756267,12458.36682040052,-0.05581948594622432,0.0
2025-03-04,0.0,11762.947188756267,12458.36682040052,-0.05581948594622432,0.0
2025-03-05,0.0,11762.947188756267,12458.36682040052,-0.05581948594622432,0.0
2025-03-06,0.0,11762.947188756267,12458.36682040052,-0.05581948594622432,0.0
2025-03-07,0.0,11762.947188756267,12458.36682040052,-0.05581948594622432,0.0
2025-03-08,0.0,11762.947188756267,12458.36682040052,-0.05581948594622432,0.0
2025-03-09,0.0,11762.947188756267,12458.36682040052,-0.05581948594622432,0.0
2025-03-10,0.0,11762.947188756267,12458.36682040052,-0.05581948594622432,0.0
2025-03-11,0.0,11762.947188756267,12458.36682040052,-0.05581948594622432,0.0
2025-03-12,0.0,11762.947188756267,12458.36682040052,-0.05581948594622432,0.0
2025-03-13,-0.000225,11760.300525638797,12458.36682040052,-0.05603192656188638,0.000225
2025-03-14,0.0005102773182566824,11766.30154025291,12458.36682040052,-0.055550241064852623,0.000126736539588632
2025-03-15,-6.5577077600670606e-06,11766.224380285992,12458.36682040052,-0.05555643449036585,6.5577077600670606e-06
2025-03-16,-7.273366756116999e-06,11766.13880022074,12458.36682040052,-0.05556330377479812,7.273366756116999e-06
2025-03-17,-0.0022228274640416997,11739.984703749884,12458.36682040052,-0.05766262360121632,0.00014056761410481607
2025-03-18,0.001975446428571426,11763.17641460439,12458.36682040052,-0.05580108659649996,0.0
2025-03-19,0.00023132848645075475,11765.897572400234,12458.36682040052,-0.05558266649095378,0.0
2025-03-20,9.898812142542512e-05,11767.062256497811,12458.36682040052,-0.055489180393268,0.0
2025-03-21,-0.0005786656408001688,11760.25306187682,12458.36682040052,-0.05603573635193848,0.00015000000000000001
2025-03-22,0.0,11760.25306187682,12458.36682040052,-0.05603573635193848,0.0
2025-03-23,0.0,11760.25306187682,12458.36682040052,-0.05603573635193848,0.0
2025-03-24,-0.0007621251488749577,11751.29027726123,12458.36682040052,-0.05675515525690378,0.001095
2025-03-25,0.0016234633151310498,11770.36806593182,12458.36682040052,-0.05522383185427693,0.0004500000000000001
2025-03-26,-0.005207872465239498,11709.06949017552,12458.36682040052,-0.06014410564617745,0.0008250000000000001
2025-03-27,-0.0029405342913906493,11674.638569819383,12458.36682040052,-0.06290778413249054,0.0004500000000000001
2025-03-28,-0.001911020989482135,11652.328090467841,12458.36682040052,-0.06469858702609355,0.000645
2025-03-29,-0.0041047427318778055,11604.498281429036,12458.36682040052,-0.0685377587031134,0.00022499999999999997
2025-03-30,0.0,11604.498281429036,12458.36682040052,-0.0685377587031134,0.0
2025-03-31,0.0006021997847809683,11611.486507796604,12458.36682040052,-0.0679768323418728,0.0007133919457403133
2025-04-01,0.005765442314209868,11678.431863439533,12458.36682040052,-0.06260330653323254,0.000902829281011096
2025-04-02,-0.004431924254511759,11626.673938009293,12458.36682040052,-0.06675777767510704,0.001052099914453339
2025-04-03,-0.016228528294359165,11437.99013103702,12458.36682040052,-0.08190292548559719,0.00016149424002862795
2025-04-04,-0.009380026219931784,11330.701483704574,12458.36682040052,-0.09051470011698481,0.00016586809494162108
2025-04-05,-0.0006618397707604716,11323.202374832043,12458.36682040052,-0.0911166336593695,0.00015290257647709515
2025-04-06,-8.385640085072585e-05,11322.252851834784,12458.36682040052,-0.0911928493472639,8.385640085072585e-05
2025-04-07,0.0003634361233480154,11326.367767518821,12458.36682040052,-0.09086255599955972,0.0
2025-04-08,0.0007910349373764113,11335.327320136501,12458.36682040052,-0.09014339651847847,0.0
2025-04-09,0.003467014013655043,11374.627058804781,12458.36682040052,-0.08698891092379146,0.0003362646748695488
2025-04-10,-0.008793805009876718,11274.600806389582,12458.36682040052,-0.09501775241298294,9.419709430167094e-05
2025-04-11,0.006135021320498316,11343.77072271689,12458.36682040052,-0.0894656670293641,0.00014186851037096052
2025-04-12,0.0019549142767796477,11365.946822055244,12458.36682040052,-0.08768565046234178,0.00013940880787742887
2025-04-13,-2.066728627287684e-07,11365.944473022479,12458.36682040052,-0.08768583901296001,2.066728627287684e-07
2025-04-14,-0.003338801350835897,11327.995842262426,12458.36682040052,-0.09073187476605016,1.4335203336544588e-06
2025-04-15,0.0006067294872523919,11334.8688713714,12458.36682040052,-0.09018019498265195,1.7787846161146579e-06
2025-04-16,-0.004130320919872949,11288.052225347958,12458.36682040052,-0.09393804275662987,0.0002475329151484499
2025-04-17,-0.0011092851273623583,11275.530556897489,12458.36682040052,-0.09494312381026881,0.0
2025-04-18,0.0,11275.530556897489,12458.36682040052,-0.09494312381026881,0.0
2025-04-19,0.0,11275.530556897489,12458.36682040052,-0.09494312381026881,0.0
2025-04-20,0.0,11275.530556897489,12458.36682040052,-0.09494312381026881,0.0
2025-04-21,-0.00015000000000000001,11273.839227313953,12458.36682040052,-0.09507888234169748,0.00015000000000000001
2025-04-22,0.01171897880486983,11405.957110268357,12458.36682040052,-0.08447413094378053,7.500000000000002e-05
2025-04-23,-0.004360374186789619,11356.222869309115,12458.36682040052,-0.08846616631055126,0.000530628246923366
2025-04-24,0.005855663292169116,11422.721086702619,12458.36682040052,-0.08312853110104579,0.0010092301598421448
2025-04-25,0.012591325290797338,11566.548283611342,12458.36682040052,-0.0715839041862878,0.0006698584067655106
2025-04-26,0.0007587360362209027,11575.324240608807,12458.36682040052,-0.07087948143778655,0.00015
2025-04-27,-0.0007111036896576495,11567.092984832325,12458.36682040052,-0.07154018246667282,0.0
2025-04-28,-0.001522622113794861,11549.480673261298,12458.36682040052,-0.07295387591661906,0.0003981553398058254
2025-04-29,0.004844276263444298,11605.429548341886,12458.36682040052,-0.06846300838260388,0.00022864077669902915
2025-04-30,0.0016847707137010706,11624.982036164853,12458.36682040052,-0.06689358214039776,0.00027
2025-05-01,0.015885098141368726,11809.64601670098,12458.36682040052,-0.05207109511635688,0.00117
2025-05-02,0.0006253735624448311,11817.031457101659,12458.36682040052,-0.051478285440165195,0.0006
2025-05-03,-0.000375,11812.600070305245,12458.36682040052,-0.0518339810831252,0.000375
2025-05-04,0.0,11812.600070305245,12458.36682040052,-0.0518339810831252,0.0
2025-05-05,-0.0030913827977984754,11776.082801650631,12458.36682040052,-0.054765125203461884,0.00015000000000000001
2025-05-06,-0.002894938663963178,11741.991764238102,12458.36682040052,-0.05750152218903659,0.000375
2025-05-07,-0.0009620594067318297,11730.69527060755,12458.36682040052,-0.05840826171544511,0.00045
2025-05-08,0.01726387330656797,11933.212507557273,12458.36682040052,-0.04215274123918955,0.00030000000000000003
2025-05-09,0.0012796173373085284,11948.482453171731,12458.36682040052,-0.040927063280385645,0.00042000000000000007
2025-05-10,0.00672886887441436,12028.882224847364,12458.36682040052,-0.03447358724819993,0.0
2025-05-11,-0.0021173185504154497,12003.413249371932,12458.36682040052,-0.03651791423283546,0.000375
2025-05-12,0.009674336374738473,12119.538306791348,12458.36682040052,-0.027196864444089308,0.000525
2025-05-13,0.015133219652434802,12302.945942074119,12458.36682040052,-0.012475220915144414,0.00030000000000000003
2025-05-14,0.006139449047032977,12378.479251813886,12458.36682040052,-0.006412362851270337,0.0
2025-05-15,-0.002522288176862359,12347.257159949499,12458.36682040052,-0.008918477201127262,0.0003682300884955753
2025-05-16,0.0024779236760358574,12377.852720800242,12458.36682040052,-0.0064626528309021936,0.0003682300884955753
2025-05-17,-0.0016316840785903781,12357.655975588576,12458.36682040052,-0.008083791901762893,0.00015
2025-05-18,0.00021847008663161154,12360.355753760126,12458.36682040052,-0.007867087881848311,0.00015
2025-05-19,-0.004699997249985463,12302.26211570861,12458.36682040052,-0.012530109840423798,0.00015000000000000001
2025-05-20,0.00029661523463655364,12305.911154072624,12458.36682040052,-0.012237211227257405,0.00030000000000000003
2025-05-21,-0.006700849681019817,12223.451093241198,12458.36682040052,-0.018856061195328566,0.00015
2025-05-22,0.0005453109938363871,12230.116675504965,12458.36682040052,-0.01832103261896234,0.000225
2025-05-23,-0.012829824099982262,12073.206429835976,12458.36682040052,-0.030915801093113204,0.00042000000000000007
2025-05-24,0.00032736831818848974,12077.158815120054,12458.36682040052,-0.030598553628734093,0.00022499999999999997
2025-05-25,-0.00022499999999999997,12074.441454386653,12458.36682040052,-0.03081666895416757,0.00022499999999999997
2025-05-26,-0.0004948952043432918,12068.465871215752,12458.36682040052,-0.03129631313683168,0.000795
2025-05-27,0.006559401344826861,12147.627782481402,12458.36682040052,-0.024942196870482602,0.0004500000000000001
2025-05-28,-0.0012217917979928006,12132.785910491699,12458.36682040052,-0.026133514496915033,0.00045
2025-05-29,0.0031480199265051505,12170.980162301948,12458.36682040052,-0.02306776339479566,0.00015
2025-05-30,-0.009598695877324788,12054.154625195059,12458.36682040052,-0.03244503882672378,0.000225
2025-05-31,0.0003730064519040095,12058.650902642506,12458.36682040052,-0.03208413458363424,0.00022499999999999997
2025-06-01,0.0,12058.650902642506,12458.36682040052,-0.03208413458363424,0.0
2025-06-02,0.00046928779031355167,12064.309880278772,12458.36682040052,-0.03162990348594352,0.000675
2025-06-03,0.004699220446189715,12121.002731937348,12458.36682040052,-0.02707931892892579,7.500000000000001e-05
2025-06-04,-0.001844442432021304,12098.646240179916,12458.36682040052,-0.028873815116084334,0.00072
2025-06-05,-0.0007306709412298162,12089.806110943997,12458.36682040052,-0.029583388799646504,0.00015000000000000001
2025-06-06,0.002260735089849445,12117.137959848484,12458.36682040052,-0.02738953391493304,0.000525
2025-06-07,-0.000375,12112.594033113539,12458.36682040052,-0.02775426283971516,0.000375
2025-06-08,0.0,12112.594033113539,12458.36682040052,-0.02775426283971516,0.0
2025-06-09,-0.001132611412083067,12098.875170881707,12458.36682040052,-0.028855439456971776,0.0006
2025-06-10,0.005098485804232308,12160.561114187625,12458.36682040052,-0.023904072701185886,0.00042000000000000007
2025-06-11,-0.0023130236090985537,12132.433449230623,12458.36682040052,-0.02616180562577297,0.000495
2025-06-12,-0.004799831613646803,12074.199811610537,12458.36682040052,-0.0308360649777073,0.00030000000000000003
2025-06-13,-0.003995102535888374,12025.962145324349,12458.36682040052,-0.0347079742722064,0.0
2025-06-14,-0.0009674620609739864,12014.327483202038,12458.36682040052,-0.035641857684858835,7.500000000000001e-05
2025-06-15,0.0,12014.327483202038,12458.36682040052,-0.035641857684858835,0.0
2025-06-16,0.0030987726353502183,12051.557152439122,12458.36682040052,-0.032653531062775465,0.000495
2025-06-17,-0.004487171788527987,11997.479745176865,12458.36682040052,-0.03699418084792272,0.00042000000000000007
2025-06-18,0.0027368876306334807,12030.315499090217,12458.36682040052,-0.034358542133257175,7.500000000000001e-05
2025-06-19,-0.005342295539312219,11966.045998262909,12458.36682040052,-0.03951728418619349,0.00030000000000000003
2025-06-20,-0.0008166475842836165,11956.273955705,12458.36682040052,-0.04030166007580904,0.0005250000000000001
2025-06-21,-0.0022907480556744937,11928.885144387858,12458.36682040052,-0.04250008718202447,7.500000000000001e-05
2025-06-22,0.0,11928.885144387858,12458.36682040052,-0.04250008718202447,0.0
2025-06-23,0.0017063364078847433,11949.2398354152,12458.36682040052,-0.04086627022023692,0.00012
2025-06-24,2.6072745027352505e-05,11949.5513848987,12458.36682040052,-0.04084126297105317,0.000225
2025-06-25,0.002143222272510344,11975.161929573324,12458.36682040052,-0.03878557260297966,0.0
2025-06-26,0.00019734831725114362,11977.525207628934,12458.36682040052,-0.038595878553215335,0.0
2025-06-27,0.005283231966086671,12040.80525168049,12458.36682040052,-0.033516557566460214,0.00015000000000000001
2025-06-28,0.0,12040.80525168049,12458.36682040052,-0.033516557566460214,0.0
2025-06-29,-0.00012,12039.360355050287,12458.36682040052,-0.03363253557955226,0.00012
2025-06-30,0.0031625091889760817,12077.434942802525,12458.36682040052,-0.03057638959339526,0.0
2025-07-01,-0.0023755228407276396,12048.744720238496,12458.36682040052,-0.03287927752225683,0.0
2025-07-02,0.008792340984302614,12154.68139225165,12458.36682040052,-0.02437602235724723,0.00022499999999999997
2025-07-03,0.006822698291068508,12237.609116215044,12458.36682040052,-0.01771963431225887,0.00030000000000000003
2025-07-04,-0.005302503045156295,12172.719156610881,12458.36682040052,-0.02292817894251542,0.00022499999999999997
2025-07-05,0.0,12172.719156610881,12458.36682040052,-0.02292817894251542,0.0
2025-07-06,-0.00015000000000000001,12170.89324873739,12458.36682040052,-0.023074739715673975,0.00015000000000000001
2025-07-07,-0.002797051417516591,12136.850634523564,12458.36682040052,-0.025807249899760243,0.000375
2025-07-08,0.002685029503555025,12169.4384365575,12458.36682040052,-0.02319151362359162,0.0
2025-07-09,0.005362707877821116,12234.699579929886,12458.36682040052,-0.017953175058578408,0.00030000000000000003
2025-07-10,0.011407816931485246,12374.270792949446,12458.36682040052,-0.006750164661500246,0.00027857142857142864
2025-07-11,0.0051296608737969596,12437.746605677808,12458.36682040052,-0.0016551298432589956,0.0
2025-07-12,-0.0005411085951518259,12431.016434085155,12458.36682040052,-0.0021953428334265945,0.00021071428571428584
2025-07-13,0.00022711943759294887,12433.839759546374,12458.36682040052,-0.0019687220008631767,0.00030000000000000003
2025-07-14,0.0032060228735994135,12473.70293422215,12473.70293422215,0.0,0.00015800970873786413
2025-07-15,0.0053488177729444225,12540.422498171147,12540.422498171147,0.0,0.00029927184466019426
2025-07-16,0.0008981415407526304,12551.685572555345,12551.685572555345,0.0,0.00012
2025-07-17,0.007001514964047138,12639.566386915607,12639.566386915607,0.0,0.0
2025-07-18,0.0023696043113930216,12669.517157920178,12669.517157920178,0.0,0.00018626213592233017
2025-07-19,0.0005806779878824949,12676.874067650882,12676.874067650882,0.0,0.0
2025-07-20,0.0014800672019093736,12695.636693181146,12695.636693181146,0.0,0.00018626213592233014
2025-07-21,0.0003367451197846152,12699.911886880136,12699.911886880136,0.0,0.00057
2025-07-22,-0.0012226136783638217,12684.38480089322,12699.911886880136,-0.0012226136783639596,0.0
2025-07-23,-0.0016980216537949133,12662.846440836234,12699.911886880136,-0.002918559307658941,0.0004492718446601942
2025-07-24,-0.0004511838012168164,12657.133169644834,12699.911886880136,-0.0033684263021931393,0.00029126213592233006
2025-07-25,0.0055459313851030905,12727.328761735798,12727.328761735798,0.0,0.00026548672566371683
2025-07-26,-0.00016420714238479718,12725.238843449642,12727.328761735798,-0.00016420714238474243,0.0005761061946902655
2025-07-27,0.0017697135424450618,12747.758870961743,12747.758870961743,0.0,0.0
2025-07-28,0.0013721452822771354,12765.25064815614,12765.25064815614,0.0,0.00042000000000000007
2025-07-29,-0.000795882969944993,12755.091002558192,12765.25064815614,-0.0007958829699450387,0.000795
2025-07-30,0.0017633780981614177,12777.58305067216,12777.58305067216,0.0,0.0006
2025-07-31,0.004858295545173875,12839.660325485329,12839.660325485329,0.0,0.00030000000000000003
2025-08-01,-0.015360610896498816,12642.435299182338,12839.660325485329,-0.01536061089649865,0.0
2025-08-02,-0.0014492366255759864,12624.113418910289,12839.660325485329,-0.016787586362172147,7.500000000000001e-05
2025-08-03,0.0,12624.113418910289,12839.660325485329,-0.016787586362172147,0.0
2025-08-04,0.010954825193232034,12762.408374633984,12839.660325485329,-0.006016666242954161,7.500000000000001e-05
2025-08-05,-0.0046773293010011685,12702.714387991968,12839.660325485329,-0.010665853614642673,7.500000000000001e-05
2025-08-06,0.0005028884280598696,12709.102436062636,12839.660325485329,-0.010168328920941105,0.00022500000000000005
2025-08-07,0.003724224342319864,12756.433984724059,12839.660325485329,-0.006481973716709222,0.00027
2025-08-08,0.009341001541246736,12875.591854236176,12875.591854236176,0.0,0.0
2025-08-09,0.0032010895039662705,12916.807776178126,12916.807776178126,0.0,0.0
2025-08-10,-0.00011346847995573617,12915.342125633882,12916.807776178126,-0.00011346847995574727,0.0
2025-08-11,0.0012658798206356538,12931.691396607328,12931.691396607328,0.0,0.0
2025-08-12,0.0038709733571686213,12981.749629466722,12981.749629466722,0.0,0.000525
2025-08-13,0.0022062895758673783,13010.391128350735,13010.391128350735,0.0,0.0004500000000000001
2025-08-14,-0.006892836829476464,12920.712625215345,13010.391128350735,-0.006892836829476501,0.000375
2025-08-15,-0.0056270134707812535,12848.007601221165,13010.391128350735,-0.012481064214566406,0.00075
2025-08-16,-0.0001646898541731612,12845.891664722903,13010.391128350735,-0.012643698564094197,0.0
2025-08-17,0.0005444329962909222,12852.885392011956,13010.391128350735,-0.012106149214496709,0.0
2025-08-18,-0.0012138261391479352,12837.28422375966,13010.391128350735,-0.01330528059328373,0.00030000000000000003
2025-08-19,-0.00787984805275623,12736.128374666388,13010.391128350735,-0.021080285056665593,0.00015000000000000001
2025-08-20,-0.0018981558688206926,12711.953217845961,13010.391128350735,-0.022938427258689553,0.000645
2025-08-21,0.0004687550282244076,12717.91200983538,13010.391128350735,-0.02248042473358225,7.500000000000001e-05
2025-08-22,0.002086333881727502,12744.445820566325,13010.391128350735,-0.02044099252365228,0.00057
2025-08-23,-0.0005645868553944667,12737.250473976746,13010.391128350735,-0.020994038663356696,0.0
2025-08-24,9.021960453376999e-05,12738.399623677356,13010.391128350735,-0.02090571313268874,0.0
2025-08-25,-0.0029337993113566904,12701.027715633625,13010.391128350735,-0.023778179277253342,0.00015000000000000001
2025-08-26,0.0030067081175525453,12739.215998767479,13010.391128350735,-0.02084296520435447,0.00030000000000000003
2025-08-27,0.001077456594732166,12752.941951057068,13010.391128350735,-0.019787965999935486,0.00022500000000000005
2025-08-28,-0.0022976448762825827,12723.640219325694,13010.391128350735,-0.02204014515752617,0.00015000000000000001
2025-08-29,-0.006359563897757745,12642.723416338813,13010.391128350735,-0.028259543343838733,0.00015000000000000001
2025-08-30,0.0,12642.723416338813,13010.391128350735,-0.028259543343838733,0.0
2025-08-31,0.0,12642.723416338813,13010.391128350735,-0.028259543343838733,0.0
2025-09-01,0.0009298159415549012,12654.478822115996,13010.391128350735,-0.02735600357618584,0.0
2025-09-02,0.00014386279416225497,12656.299330798012,13010.391128350735,-0.02721607629313516,0.00012
2025-09-03,0.006876764066052619,12743.333715245248,13010.391128350735,-0.020526470762554316,0.00012
2025-09-04,0.0038069881314455128,12791.847435454238,13010.391128350735,-0.016797626661682163,0.0
2025-09-05,0.0007590663081218944,12801.557295861126,13010.391128350735,-0.016051310866015522,0.0
2025-09-06,0.0,12801.557295861126,13010.391128350735,-0.016051310866015522,0.0
2025-09-07,0.0,12801.557295861126,13010.391128350735,-0.016051310866015522,0.0
2025-09-08,0.002674965242725431,12835.80101668031,13010.391128350735,-0.013419282321957104,0.0
2025-09-09,-0.0012494114603453135,12819.763819787358,13010.391128350735,-0.014651927577179702,0.0
2025-09-10,-0.0009284462030525029,12807.861358744845,13010.391128350735,-0.015566770253705897,0.00015000000000000001
2025-09-11,0.006252566503215641,12887.943363654362,13010.391128350735,-0.00941153601674194,0.00015000000000000001
2025-09-12,0.008039758482461865,12991.559315633789,13010.391128350735,-0.0014474440108037667,0.0003981553398058253
2025-09-13,-0.00048455405495574655,12985.264202887201,13010.391128350735,-0.001931296700894758,0.0
2025-09-14,-0.0005907950095817911,12977.592573598033,13010.391128350735,-0.002520950710023784,0.0
2025-09-15,0.004777788851494825,13039.596770715412,13039.596770715412,0.0,0.0
2025-09-16,-0.0024925307837870836,13007.095174356233,13039.596770715412,-0.0024925307837870836,0.0003275242718446603
2025-09-17,0.0016146435859836898,13028.096997151786,13039.596770715412,-0.0008819117466464244,0.0003275242718446602
2025-09-18,0.0072356710328856984,13122.364021207704,13122.364021207704,0.0,0.0003981553398058253
2025-09-19,0.005592310876079234,13195.748360243373,13195.748360243373,0.0,0.00022500000000000005
2025-09-20,0.0,13195.748360243373,13195.748360243373,0.0,0.0
2025-09-21,0.0,13195.748360243373,13195.748360243373,0.0,0.0
2025-09-22,0.009797536956030228,13325.034192465333,13325.034192465333,0.0,0.0006187864077669904
2025-09-23,-0.0035828342233478155,13277.292803933287,13325.034192465333,-0.0035828342233479304,0.0002568932038834951
2025-09-24,0.000510861799336234,13284.075665625416,13325.034192465333,-0.003073802757149968,0.0
2025-09-25,-6.133959279133825e-05,13283.260825833479,13325.034192465333,-0.003134953804131757,0.0
2025-09-26,0.0027255580807216758,13319.465124715663,13325.034192465333,-0.00041794022208352377,0.0
2025-09-27,0.0,13319.465124715663,13325.034192465333,-0.00041794022208352377,0.0
2025-09-28,-0.000375,13314.470325293894,13325.034192465333,-0.0007927834945002932,0.000375
2025-09-29,0.004278932140176347,13371.44204029822,13371.44204029822,0.0,0.000375
2025-09-30,0.001724996959286593,13394.507737159012,13394.507737159012,0.0,0.0006000000000000001
2025-10-01,0.008954236377981956,13514.445325604243,13514.445325604243,0.0,0.0
2025-10-02,-0.0007834026555231405,13503.858073248242,13514.445325604243,-0.0007834026555231244,0.0005481553398058253
2025-10-03,0.002450274297427997,13536.946229601239,13536.946229601239,0.0,0.0
2025-10-04,-0.0003361196197926092,13532.39619638139,13536.946229601239,-0.00033611961979274074,0.00018626213592233017
2025-10-05,0.0016806271338185015,13555.139108614614,13555.139108614614,0.0,0.0
2025-10-06,0.007541321976587087,13657.362777070106,13657.362777070106,0.0,0.0004259734513274337
2025-10-07,-0.007377112190400324,13556.610879638662,13657.362777070106,-0.007377112190400381,0.0
2025-10-08,0.010620258442888638,13700.585590790102,13700.585590790102,0.0,0.00026548672566371683
2025-10-09,0.00020510967693428058,13703.395713474438,13703.395713474438,0.0,0.00018626213592233017
2025-10-10,-0.03136424154712071,13273.599100301248,13703.395713474438,-0.0313642415471207,0.00019500000000000002
2025-10-11,-0.0026506020931409435,13238.416070742476,13703.395713474438,-0.03393170951596702,0.000525
2025-10-12,0.0,13238.416070742476,13703.395713474438,-0.03393170951596702,0.0
2025-10-13,0.006559077926188995,13325.24787336979,13703.395713474438,-0.027595192316661965,0.000495
2025-10-14,-0.004504728424383231,13265.221250512668,13703.395713474438,-0.03197561189384002,0.00027
2025-10-15,0.0023426215040656564,13296.296643070309,13703.395713474438,-0.029707897145802464,0.0
2025-10-16,0.0017984420715567826,13320.209262349108,13703.395713474438,-0.027962883006329986,0.0
2025-10-17,-0.004960569152693615,13254.133443174876,13703.395713474438,-0.0327847403441619,0.000795
2025-10-18,0.0,13254.133443174876,13703.395713474438,-0.0327847403441619,0.0
2025-10-19,0.0,13254.133443174876,13703.395713474438,-0.0327847403441619,0.0
2025-10-20,0.0035962886022727417,13301.799132209566,13703.395713474438,-0.029306355129917527,0.0008250000000000001
2025-10-21,-0.006687701127592642,13212.840675154079,13703.395713474438,-0.03579806411326214,0.0
2025-10-22,-0.007306208648202051,13116.304904345952,13703.395713474438,-0.042842724635850926,0.0
2025-10-23,0.010355332715553304,13252.128605629097,13703.395713474438,-0.032931042588342785,0.0
2025-10-24,-0.001919005205240469,13226.697701854377,13703.395713474438,-0.03478685295144235,0.00015000000000000001
2025-10-25,0.0,13226.697701854377,13703.395713474438,-0.03478685295144235,0.0
2025-10-26,-7.500000000000001e-05,13225.705699526738,13703.395713474438,-0.034859243937470974,7.500000000000001e-05
2025-10-27,0.00980279742784946,13355.354613339552,13703.395713474438,-0.02539816461642863,0.00045
2025-10-28,0.011770666261304387,13512.556035294543,13703.395713474438,-0.013926451674473928,0.0
2025-10-29,0.006138974950346974,13595.509278310374,13703.395713474438,-0.007872970862103923,0.0
2025-10-30,-0.00832954831702067,13482.264826882185,13703.395713474438,-0.016136940887930162,0.00015000000000000001
2025-10-31,0.0007750391885181975,13492.714110472998,13703.395713474438,-0.015374408460983036,0.00015000000000000001
2025-11-01,-0.00015000000000000001,13490.690203356427,13703.395713474438,-0.015522102299713847,0.00015000000000000001
2025-11-02,0.0,13490.690203356427,13703.395713474438,-0.015522102299713847,0.0
2025-11-03,0.0037197307917101823,13540.871939107277,13703.395713474438,-0.011860109549879816,0.00015000000000000001
2025-11-04,-0.011249508400478541,13388.543786478485,13703.395713474438,-0.022976197548346455,0.00015000000000000001
2025-11-05,0.0015311270358160643,13409.04334784017,13703.395713474438,-0.021480249989776823,0.000225
2025-11-06,-0.014150144978308037,13219.303440447817,13703.395713474438,-0.035326446316559124,0.000375
2025-11-07,-0.009988076560269567,13087.268025611187,13703.395713474438,-0.04496167962641673,0.000375
2025-11-08,0.0,13087.268025611187,13703.395713474438,-0.04496167962641673,0.0
2025-11-09,0.0,13087.268025611187,13703.395713474438,-0.04496167962641673,0.0
2025-11-10,0.011987717671145596,13244.154499788825,13703.395713474438,-0.03351294987665321,0.000645
2025-11-11,0.0011296923652581374,13259.116320011537,13703.395713474438,-0.032421116835007924,0.000525
2025-11-12,0.006690876295257514,13347.831427093164,13703.395713474438,-0.02594716622184745,0.00015000000000000001
2025-11-13,-0.007187348026707921,13251.895917224816,13703.395713474438,-0.03294802293461219,0.000675
2025-11-14,-0.00429018165983808,13195.042876402656,13703.395713474438,-0.037096851590728175,0.000675
2025-11-15,0.0,13195.042876402656,13703.395713474438,-0.037096851590728175,0.0
2025-11-16,0.0,13195.042876402656,13703.395713474438,-0.037096851590728175,0.0
2025-11-17,-0.006796868892520554,13105.35789994056,13703.395713474438,-0.043641578046661245,0.0008250000000000001
2025-11-18,-0.0002749833388870385,13101.754144867924,13703.395713474438,-0.04390456067870274,0.000225
2025-11-19,-0.000225,13098.806250185326,13703.395713474438,-0.044119682152550244,0.000225
2025-11-20,-0.001043647845468051,13085.135709264117,13703.395713474438,-0.04511728458679698,0.000375
2025-11-21,-0.0036776651922289403,13037.012961130566,13703.395713474438,-0.0486290235119331,0.0004500000000000001
2025-11-22,0.0,13037.012961130566,13703.395713474438,-0.0486290235119331,0.0
2025-11-23,0.0,13037.012961130566,13703.395713474438,-0.0486290235119331,0.0
2025-11-24,0.008749966039758276,13151.086381800345,13703.395713474438,-0.04030455977645098,0.000375
2025-11-25,0.0004925489475124393,13157.563935556347,13703.395713474438,-0.039831862797436335,0.00030000000000000003
2025-11-26,0.00038474188956601825,13162.626201566998,13703.395713474438,-0.03946244589402792,0.00012
2025-11-27,-0.001391239561159329,13144.313835266625,13703.395713474438,-0.040798783739279476,0.0009
2025-11-28,0.0026876359530837134,13179.640965708903,13703.395713474438,-0.038220800064215577,0.000225
2025-11-29,0.0,13179.640965708903,13703.395713474438,-0.038220800064215577,0.0
2025-11-30,0.0,13179.640965708903,13703.395713474438,-0.038220800064215577,0.0
2025-12-01,0.0021511716355128298,13207.99263552058,13703.395713474438,-0.036151847929687286,0.0
2025-12-02,-0.00015188839618967631,13205.986494702287,13703.395713474438,-0.03629824527967562,0.00027
2025-12-03,-0.0026467721489468786,13171.033257448738,13703.395713474438,-0.03884894424396079,0.00019500000000000002
2025-12-04,-0.00260022771584855,13136.785571726357,13703.395713474438,-0.04134815585825469,0.000345
2025-12-05,0.0018069188104231305,13160.522676684403,13703.395713474438,-0.03961594980842831,0.0
2025-12-06,-0.00012,13158.9434139632,13703.395713474438,-0.0397311958944514,0.00012
2025-12-07,0.0,13158.9434139632,13703.395713474438,-0.0397311958944514,0.0
2025-12-08,-0.004916960135789858,13094.24141376763,13703.395713474438,-0.0444527993238808,0.00030000000000000003
2025-12-09,0.002231397404380051,13123.459870070636,13703.395713474438,-0.04232059378052955,0.00022499999999999997
2025-12-10,-0.003231230236518385,13081.054949730727,13703.395713474438,-0.04541507643479692,0.00015000000000000001
2025-12-11,-0.0026664489865751108,13046.174984016685,13703.395713474438,-0.04796042843683723,0.0004500000000000001
2025-12-12,-0.003325003123850246,13002.796411440533,13703.395713474438,-0.05112596298631378,0.000675
2025-12-13,0.00019486417830513498,13005.330190678918,13703.395713474438,-0.0509410614267759,0.000375
2025-12-14,-0.0024678520631319866,12973.234959736139,13703.395713474438,-0.053283198486367755,0.00015000000000000001
2025-12-15,0.0013193286269329312,12990.350920002445,13703.395713474438,-0.052034167908532436,0.00022500000000000005
2025-12-16,0.001987270445211012,13016.166260458685,13703.395713474438,-0.050150303427347276,7.500000000000001e-05
2025-12-17,-0.0024640614980067045,12984.093626324635,13703.395713474438,-0.05249079149356528,0.0
2025-12-18,0.004067302289000562,13036.903860051583,13703.395713474438,-0.04863698512095793,0.00015000000000000001
2025-12-19,-0.0009570837991116776,13024.426450576551,13703.395713474438,-0.04954751924957268,0.000525
2025-12-20,0.0,13024.426450576551,13703.395713474438,-0.04954751924957268,0.0
2025-12-21,0.0,13024.426450576551,13703.395713474438,-0.04954751924957268,0.0
2025-12-22,0.004218999087839887,13079.37649389117,13703.395713474438,-0.045537561100251533,0.00015000000000000001
2025-12-23,0.0031686654860458704,13120.820662766364,13703.395713474438,-0.04251318891238265,0.00030000000000000003
2025-12-24,0.000266868247205555,13124.322193178536,13703.395713474438,-0.04225766608538528,0.0
2025-12-25,0.0,13124.322193178536,13703.395713474438,-0.04225766608538528,0.0
2025-12-26,-0.0008147595594061516,13113.629026210916,13703.395713474438,-0.043037995807390206,0.00015000000000000001
2025-12-27,-0.00012,13112.05539072777,13703.395713474438,-0.043152831247893375,0.00012
2025-12-28,0.0,13112.05539072777,13703.395713474438,-0.043152831247893375,0.0
2025-12-29,-0.005223445458254854,13043.565284548687,13703.395713474438,-0.048150870245755595,0.00030000000000000003
2025-12-30,0.004104004566872693,13097.096136044778,13703.395713474438,-0.04424447707027024,0.00015000000000000001
2025-12-31,-0.003381819908556996,13052.804115587618,13703.395713474438,-0.04747667012542722,0.000375
2026-01-01,0.0,13052.804115587618,13703.395713474438,-0.04747667012542722,0.0
2026-01-02,-0.002757532919159008,13016.810578551549,13703.395713474438,-0.050103284563823514,0.000525
2026-01-03,0.0006060458657089095,13024.699362787398,13703.395713474438,-0.049527603586582813,0.00015
2026-01-04,0.0003455374426190372,13029.199884096099,13703.395713474438,-0.04919917978544597,0.0
2026-01-05,0.002301728917888444,13059.18957024627,13703.395713474438,-0.04701069404240621,0.0008249999999999999
2026-01-06,0.003666883203793031,13107.076093136553,13703.395713474438,-0.043516193562996075,0.00015000000000000001
2026-01-07,-0.0025001812848328966,13074.306026789613,13703.395713474438,-0.04590757647509558,0.0
2026-01-08,-0.0012390973628669032,13058.105688670503,13703.395713474438,-0.04708978988101664,0.0
2026-01-09,0.004438405511088588,13116.062856923476,13703.395713474438,-0.04286038795285185,0.0
2026-01-10,-0.00038650726532765385,13110.99340333678,13703.395713474438,-0.043230329366841014,0.00022499999999999997
2026-01-11,0.0,13110.99340333678,13703.395713474438,-0.043230329366841014,0.0
2026-01-12,0.0024845561944690816,13143.568403212685,13703.395713474438,-0.040853181354989276,0.00022499999999999997
2026-01-13,0.00944509247253991,13267.710622200184,13703.395713474438,-0.03179395095814452,0.0
2026-01-14,-0.0007049320965366538,13258.357787135035,13703.395713474438,-0.032476470478175035,0.0
2026-01-15,0.004559407809956883,13318.808047176903,13703.395713474438,-0.028065136141356084,0.0
2026-01-16,-0.0021728001087767622,13289.86893960322,13703.395713474438,-0.030176956319271975,0.00015
2026-01-17,6.429779502082361e-05,13290.723448872153,13703.395713474438,-0.03011459883600287,0.00015
2026-01-18,-0.002364117785992475,13259.302613177968,13703.395713474438,-0.03240752216326914,0.00015
2026-01-19,-0.005536936928609216,13185.886690891457,13703.395713474438,-0.03776502068564791,0.00015
2026-01-20,-0.00887839668252246,13068.81715823893,13703.395713474438,-0.04630812453379951,0.000525
2026-01-21,0.003966558949299026,13120.655391894696,13703.395713474438,-0.042525249490295236,0.0
2026-01-22,0.00154369253816101,13140.909649718946,13703.395713474438,-0.04104720286245578,0.00012
2026-01-23,0.00014221476901520708,13142.77848114943,13703.395713474438,-0.04091082561191439,0.000375
2026-01-24,-0.00015000000000000001,13140.807064377255,13703.395713474438,-0.04105468898807274,0.00015000000000000001
2026-01-25,0.0,13140.807064377255,13703.395713474438,-0.04105468898807274,0.0
2026-01-26,-0.0019040602376450943,13115.786176155409,13703.395713474438,-0.04288057862484684,0.00027
2026-01-27,-0.0006128911138923718,13107.74762735633,13703.395713474438,-0.04346718861314147,0.00030000000000000003
2026-01-28,0.0074118263193546086,13204.899976208226,13703.395713474438,-0.03637753354637818,0.0
2026-01-29,-0.009957578389175843,13073.411149573905,13703.395713474438,-0.04597287979366116,0.00030000000000000003
2026-01-30,-0.007918656682173824,12969.887295015527,13703.395713474438,-0.053527493024058126,0.0
2026-01-31,0.0,12969.887295015527,13703.395713474438,-0.053527493024058126,0.0
2026-02-01,0.0,12969.887295015527,13703.395713474438,-0.053527493024058126,0.0
2026-02-02,-0.008512055980429097,12859.486888300498,13703.395713474438,-0.06158391998737445,0.0005608729466510555
2026-02-03,0.006182855341507936,12938.995235496877,13703.395713474438,-0.05578182911451146,0.000385945865790817
2026-02-04,0.0012802704383984191,12955.560648599463,13703.395713474438,-0.054572974502928084,0.0003783921900944632
2026-02-05,-0.0021030369283730147,12928.314626127682,13703.395713474438,-0.05656124245063032,0.0006997889974636644
2026-02-06,-0.0005451838172892836,12921.266318208693,13703.395713474438,-0.05707558999384976,0.0005451838172892836
2026-02-07,-4.4038368494181965e-06,12921.20941505994,13703.395713474438,-0.05707974247911263,4.4038368494181965e-06
2026-02-08,-6.810362395411581e-05,12920.329433872903,13703.395713474438,-0.057143958765749736,6.810362395411581e-05
2026-02-09,0.0037383169172094657,12968.62971997147,13703.395713474438,-0.05361926407631057,0.00045480561566233987
2026-02-10,-0.0015418565359299348,12948.633953475677,13703.395713474438,-0.05507844739947265,0.00012019247562089672
2026-02-11,0.0025065055124115962,12981.089775858263,13703.395713474438,-0.05270999631908291,0.0003204297246901648
2026-02-12,-0.012928401880114642,12813.265030394121,13703.395713474438,-0.06495694218368508,0.0005717312648552742
2026-02-13,-0.0028246009726862987,12777.072669525982,13703.395713474438,-0.0675980657142966,0.0003548084332487895
2026-02-14,-1.268734199696249e-05,12776.910562435301,13703.395713474438,-0.06760989541651574,1.268734199696249e-05
2026-02-15,-1.0829068308913434e-05,12776.772200398043,13703.395713474438,-0.06761999233264882,1.0829068308913434e-05
2026-02-16,-0.0014739821724700343,12757.939465952946,13703.395713474438,-0.06899430384191796,1.165741920009783e-05
2026-02-17,-0.0007706089344902123,12748.108083814797,13703.395713474438,-0.06971174514943868,0.00022942332790788992
2026-02-18,0.0012828759465987327,12764.462325040164,13703.395713474438,-0.06851830072388765,0.0006758210466833629
2026-02-19,0.0016531074237178373,12785.563352469455,13703.395713474438,-0.0669784614117569,0.00017337655924624956
2026-02-20,0.0019030781959457487,12809.895279308423,13703.395713474438,-0.06520284846532187,0.00017280576671543235
2026-02-21,0.0,12809.895279308423,13703.395713474438,-0.06520284846532187,0.0
2026-02-22,0.0,12809.895279308423,13703.395713474438,-0.06520284846532187,0.0
2026-02-23,0.0017451015715061078,12832.249847691175,13703.395713474438,-0.06357153248713909,0.00030000000000000003
2026-02-24,-0.0015636197906781165,12812.1850878704,13703.395713474438,-0.06503575057149646,0.0004500000000000001
2026-02-25,0.007152597476876751,12903.82549060318,13703.395713474438,-0.05834832764006426,0.0004142857142857143
2026-02-26,-0.0072125206657771505,12810.756382584623,13703.395713474438,-0.0651400097869238,0.0002107142857142858
2026-02-27,-0.00987282366601356,12684.278043791106,13703.395713474438,-0.07436971762270872,0.00037499999999999995
2026-02-28,0.0,12684.278043791106,13703.395713474438,-0.07436971762270872,0.0
2026-03-01,-0.00022500000000000005,12681.424081231251,13703.395713474438,-0.07457798443624386,0.00022500000000000005
2026-03-02,0.004468273211891394,12738.088148742052,13703.395713474438,-0.0704429460344057,0.00015
2026-03-03,-0.01153756080077104,12591.12168224036,13703.395713474438,-0.08116776706231932,0.00015000000000000001
2026-03-04,0.01484454735092269,12778.031184253607,13703.395713474438,-0.06752811847292184,0.000375
2026-03-05,-0.005053640457899049,12713.455608888566,13703.395713474438,-0.07224049609926042,0.0
2026-03-06,-0.005759822636440549,12640.228359485109,13703.395713474438,-0.0775842262910007,7.500000000000002e-05
2026-03-07,-0.0014178854116161876,12622.305964094698,13703.395713474438,-0.07889210615998732,0.00015000000000000001
2026-03-08,0.0,12622.305964094698,13703.395713474438,-0.07889210615998732,0.0
2026-03-09,-0.005961092718632915,12547.063227919776,13703.395713474438,-0.08438291571903223,0.0008999999999999999
2026-03-10,0.0028595763114281883,12582.942512704327,13703.395713474438,-0.08176463879448348,0.000525
2026-03-11,-0.0013149841226204912,12566.396143084274,13703.395713474438,-0.08297210371529751,0.000375
2026-03-12,-1.0642861725284984e-05,12566.262400667738,13703.395713474438,-0.08298186351639592,0.00015000000000000001
2026-03-13,-0.0015965736891511311,12546.199436747862,13703.395713474438,-0.08444595054558002,0.00044999999999999993
2026-03-14,0.00045521347686481293,12551.910635814902,13703.395713474438,-0.08402917800347032,0.0
2026-03-15,0.0040177464062550175,12602.341029663581,13703.395713474438,-0.08034903952515937,0.0
2026-03-16,0.00590406397791327,12676.746057374197,13703.395713474438,-0.07491936141716637,0.00015000000000000001
2026-03-17,-0.0033183808601964897,12634.679785887834,13703.395713474438,-0.07798913130237817,0.00015000000000000001
2026-03-18,-0.005069716009106988,12570.62554750738,13703.395713474438,-0.08266346456398499,0.0
2026-03-19,-0.005270172412005984,12504.376183545248,13703.395713474438,-0.08749798626556504,0.00015
2026-03-20,0.000462554195685841,12510.16013521338,13703.395713474438,-0.08707590463054049,7.500000000000001e-05
2026-03-21,0.0,12510.16013521338,13703.395713474438,-0.08707590463054049,0.0
2026-03-22,0.0,12510.16013521338,13703.395713474438,-0.08707590463054049,0.0
2026-03-23,-7.500000000000001e-05,12509.221873203238,13703.395713474438,-0.08714437393769325,7.500000000000001e-05
2026-03-24,4.767784422674844e-05,12509.818285935105,13703.395713474438,-0.08710085094935249,7.500000000000001e-05
2026-03-25,0.0,12509.818285935105,13703.395713474438,-0.08710085094935249,0.0
2026-03-26,0.0,12509.818285935105,13703.395713474438,-0.08710085094935249,0.0
2026-03-27,-0.00015000000000000001,12507.941813192216,13703.395713474438,-0.08723778582171005,0.00015000000000000001
2026-03-28,0.0,12507.941813192216,13703.395713474438,-0.08723778582171005,0.0
2026-03-29,0.0,12507.941813192216,13703.395713474438,-0.08723778582171005,0.0
2026-03-30,-0.0010221851736991693,12495.156380517281,13703.395713474438,-0.08817079782415571,0.00015000000000000001
2026-03-31,-0.00015000000000000001,12493.282107060204,13703.395713474438,-0.08830757220448204,0.00015000000000000001
2026-04-01,-0.00016407452389314062,12491.232277746627,13703.395713474438,-0.08845715770550944,0.0008890879754213854
2026-04-02,-0.0020091463421796985,12466.135564106475,13703.395713474438,-0.09028858067284562,0.00016091202457861462
2026-04-03,-0.00012,12464.639627838782,13703.395713474438,-0.09039774604316486,0.00012
2026-04-04,-0.00012,12463.143871083443,13703.395713474438,-0.09050689831363956,0.00012
2026-04-05,-0.00027,12459.77882223825,13703.395713474438,-0.09075246145109495,0.00027
2026-04-06,-0.002302906017320895,12431.08512261403,13703.395713474438,-0.09284637307885346,0.0007199999999999999
2026-04-07,0.002362293935174119,12460.450999606814,13703.395713474438,-0.0907034095677064,0.0
2026-04-08,0.01126077538988873,12600.765339570102,13703.395713474438,-0.08046402490005655,0.000225
2026-04-09,0.003977123728294148,12650.880142396772,13703.395713474438,-0.07680691655446648,0.00105
2026-04-10,0.0025132844946445902,12682.675403302264,13703.395713474438,-0.0744866696922798,0.00015000000000000001
2026-04-11,0.0007854372924927938,12692.636849532597,13703.395713474438,-0.07375973700795713,0.00022499999999999997
2026-04-12,0.0,12692.636849532597,13703.395713474438,-0.07375973700795713,0.0
2026-04-13,-0.0007499999999999999,12683.117371895447,13703.395713474438,-0.07445441720520118,0.0007499999999999999
2026-04-14,0.0024006153032698637,12713.564657551586,13703.395713474438,-0.07223253831527021,0.000525
2026-04-15,0.010274190303491273,12844.186240279012,13703.395713474438,-0.06270047885653418,0.000645
2026-04-16,0.004166449259355328,12897.700890526845,13703.395713474438,-0.058795267960871866,0.0003985714285714287
2026-04-17,0.015596260977047747,13098.8567996194,13703.395713474438,-0.04411599332715754,0.0002123893805309735
2026-04-18,-0.0031556386778856214,13057.521540466438,13703.395713474438,-0.047132417870186516,0.00026548672566371683
2026-04-19,-0.001751578332699716,13034.650268657397,13703.395713474438,-0.04880144008097709,0.00011563106796116513
2026-04-20,-0.0057618894853009315,12959.546054329845,13703.395713474438,-0.05428214106180784,0.000495
2026-04-21,-0.0045537875859371834,12900.531034388256,13703.395713474438,-0.05858873930763975,0.00022500000000000005
2026-04-22,0.009397607243177777,13021.765158277865,13703.395713474438,-0.04974172602534788,0.00030000000000000003
2026-04-23,-0.004797980931265396,12959.286977357031,13703.395713474438,-0.054301047103655575,0.00012
2026-04-24,0.0033865696351789514,13003.17450512812,13703.395713474438,-0.051098371745756155,0.00019500000000000002
2026-04-25,0.00020231484328603333,13005.805240340342,13703.395713474438,-0.05090639486154236,0.0
2026-04-26,0.0013496354364490428,13023.358335972262,13703.395713474438,-0.049625464499540195,0.00015000000000000001
2026-04-27,0.0010695758083346923,13037.287804991693,13703.395713474438,-0.048608966887511484,0.0006749999999999999
2026-04-28,-0.002680647418552481,13002.339433092317,13703.395713474438,-0.05115931080445835,0.0006749999999999999
2026-04-29,-0.0023298186447827662,12972.046340255303,13703.395713474438,-0.05336993753307473,0.0
2026-04-30,-0.008419106060946941,12862.833306289174,13703.395713474438,-0.061339716429464675,0.0004500000000000001
2026-05-01,0.004140556128278811,12916.092589562557,13703.395713474438,-0.0574531408399549,0.0004500000000000001
2026-05-02,0.0,12916.092589562557,13703.395713474438,-0.0574531408399549,0.0
2026-05-03,0.0,12916.092589562557,13703.395713474438,-0.0574531408399549,0.0
2026-05-04,-0.001451560318641728,12897.344102087647,13703.395713474438,-0.058821304459171886,0.00027
2026-05-05,0.0047189596255652186,12958.20614818242,13703.395713474438,-0.054379920194472575,0.00030000000000000003
2026-05-06,0.007152795498713045,13050.893546790534,13703.395713474438,-0.047616093144147054,0.00015000000000000001
2026-05-07,0.0021813183953426343,13079.361700959806,13703.395713474438,-0.04553864060869417,0.000695
2026-05-08,0.0038236713372723904,13129.372881405583,13703.395713474438,-0.04188909406625563,0.00043944444444444456
2026-05-09,0.0005883471403532958,13137.097510394991,13703.395713474438,-0.04132539225460807,0.0
2026-05-10,0.0021265114607282865,13165.03369881155,13703.395713474438,-0.03928675971412843,0.0
2026-05-11,0.005208512476446593,13233.603941084648,13703.395713474438,-0.034282872815812215,0.000225
2026-05-12,-0.003987323915450213,13180.837275602766,13703.395713474438,-0.03813349981259351,0.0
2026-05-13,0.01023468614232414,13315.739008211607,13703.395713474438,-0.028289098072359575,0.0
2026-05-14,0.013378609599679857,13493.885081933699,13703.395713474438,-0.015288957271716863,0.0
2026-05-15,-0.012923659819453244,13319.494701491994,13703.395713474438,-0.028015027808396153,0.0002477777777777779
2026-05-16,-0.0013452731831151237,13301.576342457432,13703.395713474438,-0.029322613125876473,0.0002477777777777779
2026-05-17,0.0,13301.576342457432,13703.395713474438,-0.029322613125876473,0.0
2026-05-18,-0.010416581452780875,13163.019389035842,13703.395713474438,-0.039433753190623255,0.000345
2026-05-19,-0.00466950043570033,13101.554664263605,13703.395713474438,-0.04391911769861878,0.0006000000000000001
2026-05-20,0.002578323340346728,13135.334708449305,13703.395713474438,-0.041454032044521805,0.0004500000000000001
2026-05-21,-0.0016806054656652025,13113.259393144943,13703.395713474438,-0.043064969637359174,0.00015000000000000001
2026-05-22,0.0028783707990141212,13151.004216062067,13703.395713474438,-0.040310555789409785,0.00057
2026-05-23,0.0,13151.004216062067,13703.395713474438,-0.040310555789409785,0.0
2026-05-24,-0.00030000000000000003,13147.05891479725,13703.395713474438,-0.04059846262267286,0.00030000000000000003
2026-05-25,-0.00012,13145.481267727475,13703.395713474438,-0.040713590807158084,0.00012
2026-05-26,0.0018157564052830235,13169.350259539879,13703.395713474438,-0.03897176036516525,0.00027
2026-05-27,0.0023455074351100167,13200.239068489196,13703.395713474438,-0.03671766148375122,0.0
2026-05-28,0.0029088015750717263,13238.635944682941,13703.395713474438,-0.03391566430023629,0.00015000000000000001
2026-05-29,0.004276594703699978,13295.252225048183,13703.395713474438,-0.02978411314685525,0.000225
2026-05-30,0.0,13295.252225048183,13703.395713474438,-0.02978411314685525,0.0
2026-05-31,0.0,13295.252225048183,13703.395713474438,-0.02978411314685525,0.0
2026-06-01,-0.005700258840035766,13219.465846021847,13703.395713474438,-0.035314594832633106,0.000645
2026-06-02,-0.003539025260328779,13172.681822464723,13703.395713474438,-0.038728640849790774,0.000225
2026-06-03,-0.010601793534419198,13033.027769488355,13703.395713474438,-0.048919841330051894,0.000525
2026-06-04,-0.00041991134580396036,13027.555053257769,13703.395713474438,-0.049319210679446446,0.0008250000000000001
2026-06-05,-0.011084853543367853,12883.146513464246,13703.395713474438,-0.059857367995558075,0.0009750000000000001
2026-06-06,0.0,12883.146513464246,13703.395713474438,-0.059857367995558075,0.0
2026-06-07,0.0,12883.146513464246,13703.395713474438,-0.059857367995558075,0.0
2026-06-08,-0.0034816227509508243,12838.292257459134,13703.395713474438,-0.0631305899722836,0.00015000000000000001
2026-06-09,-0.008340353510169415,12731.216361565053,13703.395713474438,-0.07094441204477864,0.000675
2026-06-10,0.0,12731.216361565053,13703.395713474438,-0.07094441204477864,0.0
2026-06-11,0.0,12731.216361565053,13703.395713474438,-0.07094441204477864,0.0
2026-06-12,-0.000375,12726.442155429468,13703.395713474438,-0.07129280789026182,0.000375
2026-06-13,0.0,12726.442155429468,13703.395713474438,-0.07129280789026182,0.0
2026-06-14,0.0,12726.442155429468,13703.395713474438,-0.07129280789026182,0.0
2026-06-15,0.0032913085932012257,12768.32880385651,13703.395713474438,-0.0682361459283033,0.00030000000000000003
2026-06-16,-0.0007095505671548597,12759.269028912115,13703.395713474438,-0.06889727949941427,0.0
2026-06-17,0.000511894311605665,12765.80042614826,13703.395713474438,-0.06842065331326952,0.0
2026-06-18,0.0029856201435657257,12803.914257049308,13703.395713474438,-0.06563931125047184,0.0
2026-06-19,0.0003015131909206383,12807.77480609322,13703.395713474438,-0.06535758917773649,0.00015000000000000001
2026-06-20,0.0,12807.77480609322,13703.395713474438,-0.06535758917773649,0.0
2026-06-21,-0.00012,12806.23787311649,13703.395713474438,-0.06546974626703506,0.00012
2026-06-22,-0.0014096254583589017,12788.185874184745,13703.395713474438,-0.06678708390430377,0.00027
2026-06-23,-0.005576251659610745,12716.875731480413,13703.395713474438,-0.07199091397645241,0.000375
2026-06-24,0.0010165244723843842,12729.802746873733,13703.395713474438,-0.07104757002991446,0.0006
2026-06-25,-0.007515053611456059,12634.137596767716,13703.395713474438,-0.07802869734363205,0.000525
2026-06-26,-0.0008288374313944522,12623.665950614128,13703.395713474438,-0.07879286166994515,0.00030000000000000003
2026-06-27,0.0,12623.665950614128,13703.395713474438,-0.07879286166994515,0.0
2026-06-28,0.0,12623.665950614128,13703.395713474438,-0.07879286166994515,0.0
2026-06-29,-0.0011545232383105052,12609.091634921471,13703.395713474438,-0.0798564167184449,0.000795
2026-06-30,0.0010266336137372968,12622.036552232576,13703.395713474438,-0.07891176638638342,0.000675
2026-07-01,0.0017144507308506141,12643.676412024373,13703.395713474438,-0.0773326059910866,0.0
2026-07-02,-0.011272945997264349,12501.144930624738,13703.395713474438,-0.0877337856971857,0.0010500000000000002
2026-07-03,0.001657123061971655,12521.860866190327,13703.395713474438,-0.08622204831480684,0.0
2026-07-04,5.250415833861766e-05,12522.51831595594,13703.395713474438,-0.08617407117254527,0.0
