total_trades,win_rate,profit_factor,average_winner,average_loser,best_trade,worst_trade,realised_pnl
26,0.11538461538461539,0.09636105322775405,5.795394898225606,-7.844674257502608,9.52808988764045,-40.53352530240198,-163.0413232278832
