total_trades,win_rate,profit_factor,average_winner,average_loser,best_trade,worst_trade,realised_pnl
31,0.0967741935483871,0.06612250372006913,5.795394898225606,-9.390678403464122,9.52808988764045,-40.53352530240198,-245.55281060231857
