total_trades,win_rate,profit_factor,average_winner,average_loser,best_trade,worst_trade,realised_pnl
22,0.13636363636363635,0.09636105322775405,5.795394898225606,-9.496184627503157,9.52808988764045,-40.53352530240198,-163.04132322788317
