total_trades,win_rate,profit_factor,average_winner,average_loser,best_trade,worst_trade,realised_pnl
19,0.10526315789473684,0.08777285352532599,6.4518444204927405,-8.647782196564407,9.52808988764045,-40.53352530240198,-134.10860850060945
