total_trades,win_rate,profit_factor,average_winner,average_loser,best_trade,worst_trade,realised_pnl
35,0.14285714285714285,0.12652852762173172,6.653856785853255,-8.764633176566514,13.813171682053792,-40.53352530240198,-229.66971136772912
