total_trades,win_rate,profit_factor,average_winner,average_loser,best_trade,worst_trade,realised_pnl
29,0.10344827586206896,0.07635495946231746,5.795394898225606,-8.75777311706568,9.52808988764045,-40.53352530240198,-210.31591634903089
