total_trades,win_rate,profit_factor,average_winner,average_loser,best_trade,worst_trade,realised_pnl
16,0.125,0.09684600512327812,6.4518444204927405,-9.517089103439451,9.52808988764045,-40.53352530240198,-120.33555860716683
