total_trades,win_rate,profit_factor,average_winner,average_loser,best_trade,worst_trade,realised_pnl
17,0.11764705882352941,0.08777285352532596,6.4518444204927405,-9.800819822772997,9.52808988764045,-40.53352530240198,-134.10860850060945
