total_trades,win_rate,profit_factor,average_winner,average_loser,best_trade,worst_trade,realised_pnl
39,0.1282051282051282,0.12652852762173175,6.653856785853255,-7.733499861676334,13.813171682053792,-40.53352530240198,-229.66971136772912
